# ************************************************************
# Sequel Pro SQL dump
# Version 4541
#
# http://www.sequelpro.com/
# https://github.com/sequelpro/sequelpro
#
# Host: 127.0.0.1 (MySQL 5.7.17)
# Database: ElementWar
# Generation Time: 2017-05-02 15:12:20 +0000
# ************************************************************


/*!40101 SET @OLD_CHARACTER_SET_CLIENT=@@CHARACTER_SET_CLIENT */;
/*!40101 SET @OLD_CHARACTER_SET_RESULTS=@@CHARACTER_SET_RESULTS */;
/*!40101 SET @OLD_COLLATION_CONNECTION=@@COLLATION_CONNECTION */;
/*!40101 SET NAMES utf8 */;
/*!40014 SET @OLD_FOREIGN_KEY_CHECKS=@@FOREIGN_KEY_CHECKS, FOREIGN_KEY_CHECKS=0 */;
/*!40101 SET @OLD_SQL_MODE=@@SQL_MODE, SQL_MODE='NO_AUTO_VALUE_ON_ZERO' */;
/*!40111 SET @OLD_SQL_NOTES=@@SQL_NOTES, SQL_NOTES=0 */;


# Dump of table Card
# ------------------------------------------------------------

DROP TABLE IF EXISTS `Card`;

CREATE TABLE `Card` (
  `id` int(11) unsigned NOT NULL AUTO_INCREMENT,
  `create_time` timestamp NULL DEFAULT CURRENT_TIMESTAMP,
  `update_time` timestamp NULL DEFAULT CURRENT_TIMESTAMP ON UPDATE CURRENT_TIMESTAMP,
  `cardID` varchar(64) DEFAULT '',
  `elementID` varchar(64) DEFAULT '',
  `witticism` varchar(1024) DEFAULT '',
  `detail` text,
  PRIMARY KEY (`id`)
) ENGINE=InnoDB DEFAULT CHARSET=utf8;

LOCK TABLES `Card` WRITE;
/*!40000 ALTER TABLE `Card` DISABLE KEYS */;

INSERT INTO `Card` (`id`, `create_time`, `update_time`, `cardID`, `elementID`, `witticism`, `detail`)
VALUES
	(1,'2017-04-19 21:54:28','2017-04-19 21:54:28','H','H','',NULL),
	(2,'2017-04-19 21:54:28','2017-04-19 21:54:28','He','He','',NULL),
	(3,'2017-04-19 21:54:28','2017-04-19 21:54:28','Li','Li','',NULL),
	(4,'2017-04-19 21:54:28','2017-04-19 21:54:28','Be','Be','',NULL),
	(5,'2017-04-19 21:54:28','2017-04-19 21:54:28','B','B','',NULL),
	(6,'2017-04-19 21:54:28','2017-04-19 21:54:28','C','C','',NULL),
	(7,'2017-04-19 21:54:28','2017-04-19 21:54:28','N','N','',NULL),
	(8,'2017-04-19 21:54:28','2017-04-19 21:54:28','O','O','',NULL),
	(9,'2017-04-19 21:54:28','2017-04-19 21:54:28','F','F','',NULL),
	(10,'2017-04-19 21:54:28','2017-04-19 21:54:28','Ne','Ne','',NULL),
	(11,'2017-04-19 21:54:28','2017-04-19 21:54:28','Na','Na','',NULL),
	(12,'2017-04-19 21:54:28','2017-04-19 21:54:28','Mg','Mg','',NULL),
	(13,'2017-04-19 21:54:28','2017-04-19 21:54:28','Al','Al','',NULL),
	(14,'2017-04-19 21:54:28','2017-04-19 21:54:28','Si','Si','',NULL),
	(15,'2017-04-19 21:54:28','2017-04-19 21:54:28','P','P','',NULL),
	(16,'2017-04-19 21:54:28','2017-04-19 21:54:28','S','S','',NULL),
	(17,'2017-04-19 21:54:28','2017-04-19 21:54:28','Cl','Cl','',NULL),
	(18,'2017-04-19 21:54:28','2017-04-19 21:54:28','Ar','Ar','',NULL),
	(19,'2017-04-19 21:54:28','2017-04-19 21:54:28','K','K','',NULL),
	(20,'2017-04-19 21:54:28','2017-04-19 21:54:28','Ca','Ca','',NULL),
	(21,'2017-04-19 21:54:28','2017-04-19 21:54:28','Sc','Sc','',NULL),
	(22,'2017-04-19 21:54:28','2017-04-19 21:54:28','Ti','Ti','',NULL),
	(23,'2017-04-19 21:54:28','2017-04-19 21:54:28','V','V','',NULL),
	(24,'2017-04-19 21:54:28','2017-04-19 21:54:28','Cr','Cr','',NULL),
	(25,'2017-04-19 21:54:28','2017-04-19 21:54:28','Mn','Mn','',NULL),
	(26,'2017-04-19 21:54:28','2017-04-19 21:54:28','Fe','Fe','',NULL),
	(27,'2017-04-19 21:54:28','2017-04-19 21:54:28','Co','Co','',NULL),
	(28,'2017-04-19 21:54:28','2017-04-19 21:54:28','Ni','Ni','',NULL),
	(29,'2017-04-19 21:54:28','2017-04-19 21:54:28','Cu','Cu','',NULL),
	(30,'2017-04-19 21:54:28','2017-04-19 21:54:28','Zn','Zn','',NULL),
	(31,'2017-04-19 21:54:28','2017-04-19 21:54:28','Ga','Ga','',NULL),
	(32,'2017-04-19 21:54:28','2017-04-19 21:54:28','Ge','Ge','',NULL),
	(33,'2017-04-19 21:54:28','2017-04-19 21:54:28','As','As','',NULL),
	(34,'2017-04-19 21:54:28','2017-04-19 21:54:28','Se','Se','',NULL),
	(35,'2017-04-19 21:54:28','2017-04-19 21:54:28','Br','Br','',NULL),
	(36,'2017-04-19 21:54:28','2017-04-19 21:54:28','Kr','Kr','',NULL),
	(37,'2017-04-19 21:54:28','2017-04-19 21:54:28','Rb','Rb','',NULL),
	(38,'2017-04-19 21:54:28','2017-04-19 21:54:28','Sr','Sr','',NULL),
	(39,'2017-04-19 21:54:28','2017-04-19 21:54:28','Y','Y','',NULL),
	(40,'2017-04-19 21:54:28','2017-04-19 21:54:28','Zr','Zr','',NULL),
	(41,'2017-04-19 21:54:28','2017-04-19 21:54:28','Nb','Nb','',NULL),
	(42,'2017-04-19 21:54:28','2017-04-19 21:54:28','Mo','Mo','',NULL),
	(43,'2017-04-19 21:54:28','2017-04-19 21:54:28','Tc','Tc','',NULL),
	(44,'2017-04-19 21:54:28','2017-04-19 21:54:28','Ru','Ru','',NULL),
	(45,'2017-04-19 21:54:28','2017-04-19 21:54:28','Rh','Rh','',NULL),
	(46,'2017-04-19 21:54:28','2017-04-19 21:54:28','Pd','Pd','',NULL),
	(47,'2017-04-19 21:54:28','2017-04-19 21:54:28','Ag','Ag','',NULL),
	(48,'2017-04-19 21:54:28','2017-04-19 21:54:28','Cd','Cd','',NULL),
	(49,'2017-04-19 21:54:28','2017-04-19 21:54:28','In','In','',NULL),
	(50,'2017-04-19 21:54:28','2017-04-19 21:54:28','Sn','Sn','',NULL),
	(51,'2017-04-19 21:54:28','2017-04-19 21:54:28','Sb','Sb','',NULL),
	(52,'2017-04-19 21:54:28','2017-04-19 21:54:28','Te','Te','',NULL),
	(53,'2017-04-19 21:54:28','2017-04-19 21:54:28','I','I','',NULL),
	(54,'2017-04-19 21:54:28','2017-04-19 21:54:28','Xe','Xe','',NULL),
	(55,'2017-04-19 21:54:28','2017-04-19 21:54:28','Cs','Cs','',NULL),
	(56,'2017-04-19 21:54:28','2017-04-19 21:54:28','Ba','Ba','',NULL),
	(57,'2017-04-19 21:54:28','2017-04-19 21:54:28','La','La','',NULL),
	(58,'2017-04-19 21:54:28','2017-04-19 21:54:28','Ce','Ce','',NULL),
	(59,'2017-04-19 21:54:28','2017-04-19 21:54:28','Pr','Pr','',NULL),
	(60,'2017-04-19 21:54:28','2017-04-19 21:54:28','Nd','Nd','',NULL),
	(61,'2017-04-19 21:54:28','2017-04-19 21:54:28','Pm','Pm','',NULL),
	(62,'2017-04-19 21:54:28','2017-04-19 21:54:28','Sm','Sm','',NULL),
	(63,'2017-04-19 21:54:28','2017-04-19 21:54:28','Eu','Eu','',NULL),
	(64,'2017-04-19 21:54:28','2017-04-19 21:54:28','Gd','Gd','',NULL),
	(65,'2017-04-19 21:54:28','2017-04-19 21:54:28','Tb','Tb','',NULL),
	(66,'2017-04-19 21:54:28','2017-04-19 21:54:28','Dy','Dy','',NULL),
	(67,'2017-04-19 21:54:28','2017-04-19 21:54:28','Ho','Ho','',NULL),
	(68,'2017-04-19 21:54:28','2017-04-19 21:54:28','Er','Er','',NULL),
	(69,'2017-04-19 21:54:28','2017-04-19 21:54:28','Tm','Tm','',NULL),
	(70,'2017-04-19 21:54:28','2017-04-19 21:54:28','Yb','Yb','',NULL),
	(71,'2017-04-19 21:54:28','2017-04-19 21:54:28','Lu','Lu','',NULL),
	(72,'2017-04-19 21:54:28','2017-04-19 21:54:28','Hf','Hf','',NULL),
	(73,'2017-04-19 21:54:28','2017-04-19 21:54:28','Ta','Ta','',NULL),
	(74,'2017-04-19 21:54:28','2017-04-19 21:54:28','W','W','',NULL),
	(75,'2017-04-19 21:54:28','2017-04-19 21:54:28','Re','Re','',NULL),
	(76,'2017-04-19 21:54:28','2017-04-19 21:54:28','Os','Os','',NULL),
	(77,'2017-04-19 21:54:28','2017-04-19 21:54:28','Ir','Ir','',NULL),
	(78,'2017-04-19 21:54:28','2017-04-19 21:54:28','Pt','Pt','',NULL),
	(79,'2017-04-19 21:54:28','2017-04-19 21:54:28','Au','Au','',NULL),
	(80,'2017-04-19 21:54:28','2017-04-19 21:54:28','Hg','Hg','',NULL),
	(81,'2017-04-19 21:54:28','2017-04-19 21:54:28','Tl','Tl','',NULL),
	(82,'2017-04-19 21:54:28','2017-04-19 21:54:28','Pb','Pb','',NULL),
	(83,'2017-04-19 21:54:28','2017-04-19 21:54:28','Bi','Bi','',NULL),
	(84,'2017-04-19 21:54:28','2017-04-19 21:54:28','Po','Po','',NULL),
	(85,'2017-04-19 21:54:28','2017-04-19 21:54:28','At','At','',NULL),
	(86,'2017-04-19 21:54:28','2017-04-19 21:54:28','Rn','Rn','',NULL),
	(87,'2017-04-19 21:54:28','2017-04-19 21:54:28','Fr','Fr','',NULL),
	(88,'2017-04-19 21:54:28','2017-04-19 21:54:28','Ra','Ra','',NULL),
	(89,'2017-04-19 21:54:28','2017-04-19 21:54:28','Ac','Ac','',NULL),
	(90,'2017-04-19 21:54:28','2017-04-19 21:54:28','Th','Th','',NULL),
	(91,'2017-04-19 21:54:28','2017-04-19 21:54:28','Pa','Pa','',NULL),
	(92,'2017-04-19 21:54:28','2017-04-19 21:54:28','U','U','',NULL),
	(93,'2017-04-19 21:54:28','2017-04-19 21:54:28','Np','Np','',NULL),
	(94,'2017-04-19 21:54:28','2017-04-19 21:54:28','Pu','Pu','',NULL),
	(95,'2017-04-19 21:54:28','2017-04-19 21:54:28','Am','Am','',NULL),
	(96,'2017-04-19 21:54:28','2017-04-19 21:54:28','Cm','Cm','',NULL),
	(97,'2017-04-19 21:54:28','2017-04-19 21:54:28','Bk','Bk','',NULL),
	(98,'2017-04-19 21:54:28','2017-04-19 21:54:28','Cf','Cf','',NULL),
	(99,'2017-04-19 21:54:28','2017-04-19 21:54:28','Es','Es','',NULL),
	(100,'2017-04-19 21:54:28','2017-04-19 21:54:28','Fm','Fm','',NULL),
	(101,'2017-04-19 21:54:28','2017-04-19 21:54:28','Md','Md','',NULL),
	(102,'2017-04-19 21:54:28','2017-04-19 21:54:28','No','No','',NULL),
	(103,'2017-04-19 21:54:28','2017-04-19 21:54:28','Lr','Lr','',NULL),
	(104,'2017-04-19 21:54:28','2017-04-19 21:54:28','Rf','Rf','',NULL),
	(105,'2017-04-19 21:54:28','2017-04-19 21:54:28','Db','Db','',NULL),
	(106,'2017-04-19 21:54:28','2017-04-19 21:54:28','Sg','Sg','',NULL),
	(107,'2017-04-19 21:54:28','2017-04-19 21:54:28','Bh','Bh','',NULL),
	(108,'2017-04-19 21:54:28','2017-04-19 21:54:28','Hs','Hs','',NULL),
	(109,'2017-04-19 21:54:28','2017-04-19 21:54:28','Mt','Mt','',NULL),
	(110,'2017-04-19 21:54:28','2017-04-19 21:54:28','Ds','Ds','',NULL),
	(111,'2017-04-19 21:54:28','2017-04-19 21:54:28','Ds','Ds','',NULL),
	(112,'2017-04-19 21:54:28','2017-04-19 21:54:28','Cn','Cn','',NULL),
	(113,'2017-04-19 21:54:28','2017-04-19 21:54:28','Uut','Uut','',NULL),
	(114,'2017-04-19 21:54:28','2017-04-19 21:54:28','Fl','Fl','',NULL),
	(115,'2017-04-19 21:54:28','2017-04-19 21:54:28','Uup','Uup','',NULL),
	(116,'2017-04-19 21:54:28','2017-04-19 21:54:28','Lv','Lv','',NULL),
	(117,'2017-04-19 21:54:28','2017-04-19 21:54:28','Uus','Uus','',NULL),
	(118,'2017-04-19 21:54:28','2017-04-19 21:54:28','Uuo','Uuo','',NULL),
	(119,'2017-04-19 21:54:28','2017-04-19 21:54:28','O2','O2','',NULL),
	(120,'2017-04-19 21:54:28','2017-04-19 21:54:28','CO2','CO2','',NULL),
	(121,'2017-04-19 21:54:28','2017-04-19 21:54:28','CO','CO','',NULL),
	(122,'2017-04-19 21:54:28','2017-04-19 21:54:28','SO2','SO2','',NULL),
	(123,'2017-04-19 21:54:28','2017-04-19 21:54:28','P2O5','P2O5','',NULL),
	(124,'2017-04-19 21:54:28','2017-04-19 21:54:28','H2','H2','',NULL),
	(125,'2017-04-19 21:54:28','2017-04-19 21:54:28','H2O','H2O','',NULL),
	(126,'2017-04-19 21:54:28','2017-04-19 21:54:28','MgO','MgO','',NULL),
	(127,'2017-04-19 21:54:28','2017-04-19 21:54:28','Fe3O4','Fe3O4','',NULL),
	(128,'2017-04-19 21:54:28','2017-04-19 21:54:28','Fe2O3','Fe2O3','',NULL),
	(129,'2017-04-19 21:54:28','2017-04-19 21:54:28','CuO','CuO','',NULL),
	(130,'2017-04-19 21:54:28','2017-04-19 21:54:28','Al2O3','Al2O3','',NULL),
	(131,'2017-04-19 21:54:28','2017-04-19 21:54:28','HgO','HgO','',NULL),
	(132,'2017-04-19 21:54:28','2017-04-19 21:54:28','CH4','CH4','',NULL),
	(133,'2017-04-19 21:54:28','2017-04-19 21:54:28','C2H5OH','C2H5OH','',NULL),
	(134,'2017-04-19 21:54:28','2017-04-19 21:54:28','H2O2','H2O2','',NULL),
	(135,'2017-04-19 21:54:28','2017-04-19 21:54:28','KMnO4','KMnO4','',NULL),
	(136,'2017-04-19 21:54:28','2017-04-19 21:54:28','K2MnO4','K2MnO4','',NULL),
	(137,'2017-04-19 21:54:28','2017-04-19 21:54:28','MnO2','MnO2','',NULL),
	(138,'2017-04-19 21:54:28','2017-04-19 21:54:28','KClO3','KClO3','',NULL),
	(139,'2017-04-19 21:54:28','2017-04-19 21:54:28','KCl','KCl','',NULL),
	(140,'2017-04-19 21:54:28','2017-04-19 21:54:28','H2SO4','H2SO4','',NULL),
	(141,'2017-04-19 21:54:28','2017-04-19 21:54:28','ZnSO4','ZnSO4','',NULL),
	(142,'2017-04-19 21:54:28','2017-04-19 21:54:28','H2CO3','H2CO3','',NULL),
	(143,'2017-04-19 21:54:28','2017-04-19 21:54:28','Ca(OH)2','Ca(OH)2','',NULL),
	(144,'2017-04-19 21:54:28','2017-04-19 21:54:28','CaCO3','CaCO3','',NULL),
	(145,'2017-04-19 21:54:28','2017-04-19 21:54:28','CaCl2','CaCl2','',NULL),
	(146,'2017-04-19 21:54:28','2017-04-19 21:54:28','CaO','CaO','',NULL),
	(147,'2017-04-19 21:54:28','2017-04-19 21:54:28','Na2CO3','Na2CO3','',NULL),
	(148,'2017-04-19 21:54:28','2017-04-19 21:54:28','NaCl','NaCl','',NULL),
	(149,'2017-04-19 21:54:28','2017-04-19 21:54:28','ZnCl2','ZnCl2','',NULL),
	(150,'2017-04-19 21:54:28','2017-04-19 21:54:28','FeSO4','FeSO4','',NULL),
	(151,'2017-04-19 21:54:28','2017-04-19 21:54:28','FeCl2','FeCl2','',NULL),
	(152,'2017-04-19 21:54:28','2017-04-19 21:54:28','Al2(SO4)3','Al2(SO4)3','',NULL),
	(153,'2017-04-19 21:54:28','2017-04-19 21:54:28','MgCl2','MgCl2','',NULL),
	(154,'2017-04-19 21:54:28','2017-04-19 21:54:28','CuSO4','CuSO4','',NULL),
	(155,'2017-04-19 21:54:28','2017-04-19 21:54:28','CuCl2','CuCl2','',NULL),
	(156,'2017-04-19 21:54:28','2017-04-19 21:54:28','Hg(NO3)2','Hg(NO3)2','',NULL),
	(157,'2017-04-19 21:54:28','2017-04-19 21:54:28','Cu(NO3)2','Cu(NO3)2','',NULL),
	(158,'2017-04-19 21:54:28','2017-04-19 21:54:28','Na2O','Na2O','',NULL),
	(159,'2017-04-19 21:54:28','2017-04-19 21:54:28','NaOH','NaOH','',NULL),
	(160,'2017-04-19 21:54:28','2017-04-19 21:54:28','Na2SO3','Na2SO3','',NULL),
	(161,'2017-04-19 21:54:28','2017-04-19 21:54:28','Na2SO4','Na2SO4','',NULL),
	(162,'2017-04-19 21:54:28','2017-04-19 21:54:28','CaSO3','CaSO3','',NULL),
	(163,'2017-04-19 21:54:28','2017-04-19 21:54:28','Fe2(SO4)3','Fe2(SO4)3','',NULL),
	(164,'2017-04-19 21:54:28','2017-04-19 21:54:28','MgSO4','MgSO4','',NULL),
	(165,'2017-04-19 21:54:28','2017-04-19 21:54:28','Cu(OH)2','Cu(OH)2','',NULL),
	(166,'2017-04-19 21:54:28','2017-04-19 21:54:28','Fe(OH)3','Fe(OH)3','',NULL),
	(167,'2017-04-19 21:54:28','2017-04-19 21:54:28','FeCl3','FeCl3','',NULL),
	(168,'2017-04-19 21:54:28','2017-04-19 21:54:28','NaHCO3','NaHCO3','',NULL),
	(169,'2017-04-19 21:54:28','2017-04-19 21:54:28','AgNO3','AgNO3','',NULL),
	(170,'2017-04-19 21:54:28','2017-04-19 21:54:28','AgCl','AgCl','',NULL),
	(171,'2017-04-19 21:54:28','2017-04-19 21:54:28','HNO3','HNO3','',NULL),
	(172,'2017-04-19 21:54:28','2017-04-19 21:54:28','BaCl2','BaCl2','',NULL),
	(173,'2017-04-19 21:54:28','2017-04-19 21:54:28','BaSO4','BaSO4','',NULL),
	(174,'2017-04-19 21:54:28','2017-04-19 21:54:28','Fe(OH)2','Fe(OH)2','',NULL),
	(175,'2017-04-19 21:54:28','2017-04-19 21:54:28','Mg(OH)2','Mg(OH)2','',NULL),
	(176,'2017-04-19 21:54:28','2017-04-19 21:54:28','NH4Cl','NH4Cl','',NULL),
	(177,'2017-04-19 21:54:28','2017-04-19 21:54:28','NH3','NH3','',NULL),
	(178,'2017-04-19 21:54:28','2017-04-19 21:54:28','NaNO3','NaNO3','',NULL),
	(179,'2017-04-19 21:54:28','2017-04-19 21:54:28','NH4NO3','NH4NO3','',NULL),
	(180,'2017-04-19 21:54:28','2017-04-19 21:54:28','CuSO4.5H2O','CuSO4.5H2O','',NULL),
	(181,'2017-04-19 21:54:28','2017-04-19 21:54:28','Na2CO3.10H2O','Na2CO3.10H2O','',NULL);

/*!40000 ALTER TABLE `Card` ENABLE KEYS */;
UNLOCK TABLES;


# Dump of table Card_Effect
# ------------------------------------------------------------

DROP TABLE IF EXISTS `Card_Effect`;

CREATE TABLE `Card_Effect` (
  `id` int(11) unsigned NOT NULL AUTO_INCREMENT,
  `create_time` timestamp NULL DEFAULT CURRENT_TIMESTAMP,
  `update_time` timestamp NULL DEFAULT CURRENT_TIMESTAMP ON UPDATE CURRENT_TIMESTAMP,
  `cardID` varchar(64) DEFAULT '',
  `effectID` varchar(16) DEFAULT '',
  PRIMARY KEY (`id`)
) ENGINE=InnoDB DEFAULT CHARSET=utf8;

LOCK TABLES `Card_Effect` WRITE;
/*!40000 ALTER TABLE `Card_Effect` DISABLE KEYS */;

INSERT INTO `Card_Effect` (`id`, `create_time`, `update_time`, `cardID`, `effectID`)
VALUES
	(1,'2017-04-20 00:36:04','2017-04-20 00:36:04','O2','Cure2'),
	(2,'2017-04-20 00:36:04','2017-04-20 00:36:04','CO2','Hurt1'),
	(3,'2017-04-20 00:36:04','2017-04-20 00:36:04','CO','Hurt3'),
	(4,'2017-04-20 00:36:04','2017-04-20 00:36:04','SO2','Hurt2'),
	(5,'2017-04-20 00:36:04','2017-04-20 00:36:04','P2O5','Hurt1'),
	(6,'2017-04-20 00:36:04','2017-04-20 00:36:04','H2','Hurt1'),
	(7,'2017-04-20 00:36:04','2017-04-20 00:36:04','H2O','Cure1'),
	(8,'2017-04-20 00:36:04','2017-04-20 00:36:04','MgO','Hurt1'),
	(9,'2017-04-20 00:36:04','2017-04-20 00:36:04','Fe3O4','Hurt1'),
	(10,'2017-04-20 00:36:04','2017-04-20 00:36:04','Fe2O3','Hurt1'),
	(11,'2017-04-20 00:36:04','2017-04-20 00:36:04','CuO','Hurt1'),
	(12,'2017-04-20 00:36:04','2017-04-20 00:36:04','Al2O3','Hurt1'),
	(13,'2017-04-20 00:36:04','2017-04-20 00:36:04','HgO','Hurt2'),
	(14,'2017-04-20 00:36:04','2017-04-20 00:36:04','CH4','Hurt1'),
	(15,'2017-04-20 00:36:04','2017-04-20 00:36:04','C2H5OH','Hurt1'),
	(16,'2017-04-20 00:36:04','2017-04-20 00:36:04','C2H5OH','Jump1'),
	(17,'2017-04-20 00:36:04','2017-04-20 00:36:04','H2O2','Hurt1'),
	(18,'2017-04-20 00:36:04','2017-04-20 00:36:04','KMnO4','Hurt1'),
	(19,'2017-04-20 00:36:04','2017-04-20 00:36:04','K2MnO4','Hurt2'),
	(20,'2017-04-20 00:36:04','2017-04-20 00:36:04','MnO2','Hurt1'),
	(21,'2017-04-20 00:36:04','2017-04-20 00:36:04','KClO3','Hurt1'),
	(22,'2017-04-20 00:36:04','2017-04-20 00:36:04','KCl','Hurt1'),
	(23,'2017-04-20 00:36:04','2017-04-20 00:36:04','H2SO4','Hurt4'),
	(24,'2017-04-20 00:36:04','2017-04-20 00:36:04','ZnSO4','Hurt1'),
	(25,'2017-04-20 00:36:04','2017-04-20 00:36:04','H2CO3','Hurt1'),
	(26,'2017-04-20 00:36:04','2017-04-20 00:36:04','Ca(OH)2','Hurt2'),
	(27,'2017-04-20 00:36:04','2017-04-20 00:36:04','CaCO3','Hurt1'),
	(28,'2017-04-20 00:36:04','2017-04-20 00:36:04','CaCl2','Hurt1'),
	(29,'2017-04-20 00:36:04','2017-04-20 00:36:04','CaO','Hurt3'),
	(30,'2017-04-20 00:36:04','2017-04-20 00:36:04','Na2CO3','Hurt1'),
	(31,'2017-04-20 00:36:04','2017-04-20 00:36:04','NaCl','Hurt1'),
	(32,'2017-04-20 00:36:04','2017-04-20 00:36:04','ZnCl2','Hurt1'),
	(33,'2017-04-20 00:36:04','2017-04-20 00:36:04','FeSO4','Hurt1'),
	(34,'2017-04-20 00:36:04','2017-04-20 00:36:04','FeCl2','Hurt1'),
	(35,'2017-04-20 00:36:04','2017-04-20 00:36:04','Al2(SO4)3','Hurt1'),
	(36,'2017-04-20 00:36:04','2017-04-20 00:36:04','MgCl2','Hurt1'),
	(37,'2017-04-20 00:36:04','2017-04-20 00:36:04','CuSO4','Hurt1'),
	(38,'2017-04-20 00:36:04','2017-04-20 00:36:04','CuCl2','Hurt1'),
	(39,'2017-04-20 00:36:04','2017-04-20 00:36:04','Hg(NO3)2','Hurt1'),
	(40,'2017-04-20 00:36:04','2017-04-20 00:36:04','Cu(NO3)2','Hurt1'),
	(41,'2017-04-20 00:36:04','2017-04-20 00:36:04','Na2O','Hurt3'),
	(42,'2017-04-20 00:36:04','2017-04-20 00:36:04','NaOH','Hurt3'),
	(43,'2017-04-20 00:36:04','2017-04-20 00:36:04','Na2SO3','Hurt1'),
	(44,'2017-04-20 00:36:04','2017-04-20 00:36:04','Na2SO4','Hurt1'),
	(45,'2017-04-20 00:36:04','2017-04-20 00:36:04','CaSO3','Hurt1'),
	(46,'2017-04-20 00:36:04','2017-04-20 00:36:04','Fe2(SO4)3','Hurt1'),
	(47,'2017-04-20 00:36:04','2017-04-20 00:36:04','MgSO4','Hurt1'),
	(48,'2017-04-20 00:36:04','2017-04-20 00:36:04','Cu(OH)2','Hurt1'),
	(49,'2017-04-20 00:36:04','2017-04-20 00:36:04','Fe(OH)3','Hurt1'),
	(50,'2017-04-20 00:36:04','2017-04-20 00:36:04','FeCl3','Hurt1'),
	(51,'2017-04-20 00:36:04','2017-04-20 00:36:04','NaHCO3','Hurt1'),
	(52,'2017-04-20 00:36:04','2017-04-20 00:36:04','AgNO3','Hurt1'),
	(53,'2017-04-20 00:36:04','2017-04-20 00:36:04','AgCl','Hurt1'),
	(54,'2017-04-20 00:36:04','2017-04-20 00:36:04','HNO3','Hurt4'),
	(55,'2017-04-20 00:36:04','2017-04-20 00:36:04','BaCl2','Hurt1'),
	(56,'2017-04-20 00:36:04','2017-04-20 00:36:04','BaSO4','Hurt1'),
	(57,'2017-04-20 00:36:04','2017-04-20 00:36:04','Fe(OH)2','Hurt1'),
	(58,'2017-04-20 00:36:04','2017-04-20 00:36:04','Mg(OH)2','Hurt1'),
	(59,'2017-04-20 00:36:04','2017-04-20 00:36:04','NH4Cl','Hurt1'),
	(60,'2017-04-20 00:36:04','2017-04-20 00:36:04','NH3','Hurt1'),
	(61,'2017-04-20 00:36:04','2017-04-20 00:36:04','NH3','Jump1'),
	(62,'2017-04-20 00:36:04','2017-04-20 00:36:04','NaNO3','Hurt1'),
	(63,'2017-04-20 00:36:04','2017-04-20 00:36:04','NH4NO3','Hurt1'),
	(64,'2017-04-20 00:36:04','2017-04-20 00:36:04','CuSO4.5H2O','Hurt1'),
	(65,'2017-04-20 00:36:04','2017-04-20 00:36:04','Na2CO3.10H2O','Hurt1');

/*!40000 ALTER TABLE `Card_Effect` ENABLE KEYS */;
UNLOCK TABLES;


# Dump of table Condition
# ------------------------------------------------------------

DROP TABLE IF EXISTS `Condition`;

CREATE TABLE `Condition` (
  `id` int(11) unsigned NOT NULL AUTO_INCREMENT,
  `create_time` timestamp NULL DEFAULT CURRENT_TIMESTAMP,
  `update_time` timestamp NULL DEFAULT CURRENT_TIMESTAMP ON UPDATE CURRENT_TIMESTAMP,
  `conditionID` varchar(16) DEFAULT '',
  `cname` varchar(64) DEFAULT '',
  `ename` varchar(64) DEFAULT '' COMMENT '英文名。可以作为swift的枚举',
  PRIMARY KEY (`id`)
) ENGINE=InnoDB DEFAULT CHARSET=utf8;

LOCK TABLES `Condition` WRITE;
/*!40000 ALTER TABLE `Condition` DISABLE KEYS */;

INSERT INTO `Condition` (`id`, `create_time`, `update_time`, `conditionID`, `cname`, `ename`)
VALUES
	(1,'2017-04-16 13:12:55','2017-04-19 22:52:00','Heat','加热','Heat'),
	(2,'2017-04-16 13:13:27','2017-04-19 22:52:01','GHeat','高温','Great Heat'),
	(3,'2017-04-19 12:31:14','2017-04-19 22:52:03','Light','点燃','Light');

/*!40000 ALTER TABLE `Condition` ENABLE KEYS */;
UNLOCK TABLES;


# Dump of table Effect
# ------------------------------------------------------------

DROP TABLE IF EXISTS `Effect`;

CREATE TABLE `Effect` (
  `id` int(11) unsigned NOT NULL AUTO_INCREMENT,
  `create_time` timestamp NULL DEFAULT CURRENT_TIMESTAMP,
  `update_time` timestamp NULL DEFAULT CURRENT_TIMESTAMP ON UPDATE CURRENT_TIMESTAMP,
  `effectID` varchar(16) DEFAULT '',
  `cname` varchar(64) DEFAULT '' COMMENT '中文名',
  `ename` varchar(64) DEFAULT '' COMMENT '英文名，可以作为swift枚举值',
  `type` tinyint(4) DEFAULT '0' COMMENT 'cure=1,hurt=2,jump=3,draw=4',
  `value` tinyint(4) DEFAULT '0',
  `witticism` varchar(1024) DEFAULT '',
  PRIMARY KEY (`id`)
) ENGINE=InnoDB DEFAULT CHARSET=utf8;

LOCK TABLES `Effect` WRITE;
/*!40000 ALTER TABLE `Effect` DISABLE KEYS */;

INSERT INTO `Effect` (`id`, `create_time`, `update_time`, `effectID`, `cname`, `ename`, `type`, `value`, `witticism`)
VALUES
	(1,'2017-04-16 13:43:40','2017-04-19 21:56:16','Cure1','治疗1','Cure1',1,1,'微弱的治疗效果'),
	(2,'2017-04-16 13:44:28','2017-04-19 21:56:20','Cure2','治疗2','Cure2',1,2,'普通的治疗效果'),
	(3,'2017-04-16 13:44:55','2017-04-19 21:56:23','Cure3','治疗3','Cure3',1,3,'不错的治疗效果'),
	(4,'2017-04-16 13:45:13','2017-04-19 21:56:53','Cure4','治疗4','Cure4',1,4,'卓越的治疗效果'),
	(5,'2017-04-16 13:45:44','2017-04-19 21:56:57','Cure5','治疗5','Cure5',1,5,'非凡的治疗效果'),
	(6,'2017-04-16 13:46:29','2017-04-19 21:57:07','Hurt1','伤害1','Hurt1',2,1,'微弱的伤害效果'),
	(7,'2017-04-16 13:47:11','2017-04-19 21:57:09','Hurt2','伤害2','Hurt2',2,2,'普通的伤害效果'),
	(8,'2017-04-16 13:48:16','2017-04-19 21:57:11','Hurt3','伤害3','Hurt3',2,3,'不错的伤害效果'),
	(9,'2017-04-16 13:48:41','2017-04-19 21:57:13','Hurt4','伤害4','Hurt4',2,4,'卓越的伤害效果'),
	(10,'2017-04-16 13:49:22','2017-04-19 21:57:17','Hurt5','伤害5','Hurt5',2,5,'非凡的治疗效果'),
	(11,'2017-04-16 13:53:04','2017-04-19 21:57:19','Jump1','跳过1','Jump1',3,1,'轮不到你摸牌'),
	(12,'2017-04-16 13:54:24','2017-04-19 21:57:21','Jump2','跳过2','Jump2',3,2,'轮不到你摸牌x2'),
	(13,'2017-04-16 13:55:02','2017-04-19 21:57:23','Draw1','摸牌1','Draw1',4,1,'还是我摸牌'),
	(14,'2017-04-16 13:55:21','2017-04-19 21:57:24','Draw2','摸牌2','Draw2',4,2,'还是我摸牌x2');

/*!40000 ALTER TABLE `Effect` ENABLE KEYS */;
UNLOCK TABLES;


# Dump of table Element
# ------------------------------------------------------------

DROP TABLE IF EXISTS `Element`;

CREATE TABLE `Element` (
  `id` int(11) unsigned NOT NULL AUTO_INCREMENT,
  `create_time` timestamp NULL DEFAULT CURRENT_TIMESTAMP,
  `update_time` timestamp NULL DEFAULT CURRENT_TIMESTAMP ON UPDATE CURRENT_TIMESTAMP,
  `elementID` varchar(64) CHARACTER SET utf8 DEFAULT '',
  `type` tinyint(4) DEFAULT '0' COMMENT 'atom=1,molecule=2',
  `name` varchar(512) CHARACTER SET utf8 DEFAULT '',
  `cname` varchar(64) DEFAULT '',
  `ename` varchar(512) CHARACTER SET utf8 DEFAULT '',
  `dim2` varchar(1024) CHARACTER SET utf8 DEFAULT '',
  `dim3` varchar(1024) CHARACTER SET utf8 DEFAULT '',
  `weight` smallint(4) DEFAULT '0',
  `detail` text,
  `radius` smallint(6) DEFAULT '0',
  `color` varchar(7) CHARACTER SET utf8 DEFAULT '',
  `wiki` varchar(1024) DEFAULT '',
  PRIMARY KEY (`id`)
) ENGINE=InnoDB DEFAULT CHARSET=utf8mb4;

LOCK TABLES `Element` WRITE;
/*!40000 ALTER TABLE `Element` DISABLE KEYS */;

INSERT INTO `Element` (`id`, `create_time`, `update_time`, `elementID`, `type`, `name`, `cname`, `ename`, `dim2`, `dim3`, `weight`, `detail`, `radius`, `color`, `wiki`)
VALUES
	(1,'2017-04-16 15:53:04','2017-04-19 00:07:41','H',1,'H','氢','Hydrogen','','',0,'氢是一种化学元素，其化学符号为H，原子序为1。氢的原子量为1.00794 u，是元素周期表中最轻的元素。单原子氢（H）是宇宙中最常见的化学物质，占重子总质量的75%。[6][注 1]等离子态的氢是主序星的主要成分。氢的最常见同位素是“氕”（此名称甚少使用，符号为1H），含1个质子，不含中子；天然氢还含极少量的同位素“氘”，含1个质子和1个中子。\n氢原子最早在宇宙复合阶段出现并遍布全宇宙。在标准温度和压力之下，氢形成双原子分子（分子式为H2），呈无色、无臭、无味非金属气体，不具毒性，高度易燃。氢很容易和大部分非金属元素形成共价键，所以地球上大部分的氢都以分子的形态存在，比如水和有机化合物等。氢在酸碱反应中尤其重要，因为在这类反应中各种分子须互相交换质子。在离子化合物中，氢原子可以获得一个电子成为氢阴离子（H−），或失去一个电子成为氢阳离子（H+）。虽然在一般写法中，氢阳离子就是质子，但在实际化合物中，氢阳离子的实际结构是更为复杂的。氢原子是唯一一个有薛定谔方程解析解的原子，[7]所以对氢原子模型的研究在量子力学的发展过程中起到了关键的作用。\n16世纪，人们通过混合金属和强酸，首次制备出氢气。1766至1781年，亨利·卡文迪什第一次发现氢气是一种独立的物质，[8]燃烧后会产生水。安东万-罗伦·德·拉瓦锡根据这一性质，将其命名为“Hydrogen”，在希腊文中意为“生成水的物质”。19世纪50年代，英国医生合信编写《博物新编》（1855年）时，把元素名翻译为“轻气”，成为今天中文“氢”字的来源。[9][10]\n氢气的工业生产主要使用天然气的蒸汽重整过程，或通过能源消耗更高的水电解反应。[11]大部分的氢气都在生产地点直接使用，主要应用包括化石燃料处理（如裂化反应）和氨生产（一般用于化肥工业）。在冶金学上，氢气会对许多金属造成氢脆现象，[12]使运输管和储存罐的设计更加复杂。[13]',25,'#FFFFFF','https://zh.wikipedia.org/wiki/%E6%B0%AB'),
	(2,'2017-04-16 19:37:54','2017-04-19 00:08:08','He',1,'He','氦','Helium','','',0,'氦（Helium，旧译作氜）是一种化学元素，其化学符号是He，原子序数是2，是一种无色的惰性气体，放电时发橙红色的光。在常温下，氦是一种极轻的无色、无臭、无味的单原子气体。氦在空气中含量较少，但在宇宙中是第二丰富的元素，在银河系占24％。',31,'#D9FFFF','https://zh.wikipedia.org/wiki/%E6%B0%A6'),
	(3,'2017-04-16 19:43:12','2017-04-19 00:08:14','Li',1,'Li','锂','Lithium','','',0,'锂（Lithium）是一种化学元素，其化学符号Li，原子序数为3，三个电子中两个分布在K层，另一个在L层。锂是碱金属中最轻的一种。锂常呈+1或0氧化态，是否有-1氧化态则尚未得到证实[1]。但是锂和它的化合物并不像其他的碱金属那么典型，因为锂的电荷密度很大并且有稳定的氦型双电子层，使得锂容易极化其他的分子或离子，自己却不容易受到极化。这一点就影响到它和它的化合物的稳定性[2]。锂的英文名称来源于希腊文lithos，意为“石头”。Lithos的第一个音节发音“里”。因为是金属，在左方加上部首“钅”。',145,'#CC80FF','https://zh.wikipedia.org/wiki/%E9%8B%B0'),
	(4,'2017-04-16 19:45:01','2017-04-19 00:08:23','Be',1,'Be','铍','Beryllium','','',0,'铍（旧译作鋍、鑉、鋊）是一种化学元素，符号为Be，原子序为4，属于碱土金属。铍在恒星核合成过程中产生，是宇宙中较为稀有的元素之一。所有自然界中的铍都与其他元素结合，形成矿物，如绿柱石（海蓝宝石、祖母绿）和金绿宝石等。单质铍呈钢灰色，轻、硬而易碎。\n在铝、铜、铁和镍中加入铍作为合金材料，可以加强其物理性质。[2]用铍铜合金制成的工具十分坚硬，在敲击钢铁表面时也不会产生火花。由于铍的抗弯刚度、热稳定性、热导率都很高，密度却很低（只有水的1.85倍），所以适合做航空航天材料，用于导弹、航天器和卫星之中。[2]X射线等电离辐射能够穿透低密度和低原子量的铍，所以在X光仪器和粒子物理学实验中都常用铍作为窗口材料。[2]铍和氧化铍可以很好地传导热量，因此被用于控制器械的温度。\n在处理铍的时候，必须使用适当的措施控制粉尘，因为吸入含铍粉尘会引致可致命的慢性过敏性铍中毒。[3]',105,'#C2FF00','https://zh.wikipedia.org/wiki/%E9%88%B9'),
	(5,'2017-04-16 19:47:02','2017-04-19 00:08:30','B',1,'B','硼','Boron','','',0,'硼（Boron）是一种化学元素，化学符号为B，原子序数为5，是一种类金属。由于硼的产生完全来自于宇宙射线散裂而非恒星核合成反应，硼在太阳系与地壳的含量相当稀少。天然的硼主要存在于硼砂（Na2B4O7·10H2O）矿中。',85,'#FFB5B5','https://zh.wikipedia.org/wiki/%E7%A1%BC'),
	(6,'2017-04-16 19:52:46','2017-04-19 00:08:32','C',1,'C','碳','Carbon','','',0,'碳（Carbon，拉丁文意为煤炭）是一种化学元素，符号为C，原子序数为6，位于元素周期表中的IV A族，属于非金属。每个碳原子有四颗能够进行键合的电子，因此其化合价通常为4。自然产生的碳由三种同位素组成：12C和13C为稳定同位素，而14C则具放射性，其半衰期约为5,730年。[11]碳是少数几个自远古就被发现的元素之一（见化学元素发现年表）。[12]\n碳的同素异形体有数种，最常见的包括：石墨、钻石及无定形碳。[13]这些同素异形体之间的物理性质，包括外表、硬度、电导率等等，都具有极大的差异。在正常条件下，钻石、碳纳米管和石墨烯的热导率是已知材质中最高的。\n所有碳的同素异形体在一般条件下都呈固态，其中石墨的热力学稳定性最高。它们不易受化学侵蚀，甚至连氧都要在高温下才可与其反应。碳在无机化合物中最常见的氧化态为+4，并在一氧化碳及过渡金属羰基配合物中呈+2态。无机碳主要来自石灰石、白云石和二氧化碳，但也大量出现在煤、泥炭、石油和甲烷水合物等有机矿藏中。碳是所有元素中化合物种类最多的，目前有近一千万种已记录的纯有机化合物，但这只是理论上可以存在的化合物中的冰山一角。[14]\n碳的丰度在地球地壳中排列第15（见地球的地壳元素丰度列表），并在全宇宙中排列第4（见化学元素丰度），名列氢、氦和氧之下。由于碳元素极为充沛，再加上它在地球环境下所能产生的聚合物种类极为繁多，因此碳是地球上所有生物的化学根本。[15]',70,'#909090','https://zh.wikipedia.org/wiki/%E7%A2%B3'),
	(7,'2017-04-16 19:54:12','2017-04-19 00:08:45','N',1,'N','氮','Nitrogen','','',0,'氮是一种化学元素，其化学符号为N；原子序数是7。在自然界中氮单质最普遍的形态是氮气，这是一种在标准状况下无色无味无臭的双原子气体分子，由于化学性质稳定而不容易发生化学反应。氮气是地球大气中含量最多的气体，占总体积的78.09%[1]。1772年在苏格兰爱丁堡，由丹尼尔·卢瑟福分离空气后发现。氮属于氮族元素中的一种。\n氮是宇宙中常见的元素，在银河系及太阳系的丰度约有14%。其生成的原因推测是由于超新星中碳和氢产生的核聚变。由于氮元素及其和氢、氧形成的常见化合物都极易挥发，因此在内太阳系中的类地行星中氮元素较不常见。不过和地球一样，其他行星及其卫星的大气层中，气态的氮及其化合物很常见。\n很多工业上很重要的化合物（比如氨、硝酸、用作推进剂或炸药的有机硝酸盐以及氰化物）都含有氮原子。氮原子之间具有非常牢固的化学键，无论是在工业中或是在生物体内，将N2转化为有用的含氮化合物都是很不容易的。相应的，当含氮化合物燃烧，爆炸或分解时会产生氮气，并通常可以释放大量有用的能量。合成产生的氨和硝酸盐是关键的工业化肥料，而硝酸盐肥料是引起水系统富营养化的关键污染物。\n含氮化合物除了作为肥料和能量储存的功用之外还有其他多种用途。氮是克维拉纤维和氰基丙烯酸酯强力胶水等多种材料的组成部分。在各种药学药品的大类中（包括抗生素）都含有氮元素。许多药物都是天然含氮信号分子的类似物或前体药物。比如，有机硝酸盐硝酸甘油和硝普钠在体内代谢产生一氧化氮以控制血压。植物中的生物碱（经常是防卫性化合物）根据定义是含有氮的，许多知名的含氮药物（比如咖啡因和吗啡）是生物碱或是合成的天然产物类似物，像许多植物生物碱一样用作于动物体内的神经传导物质的接收器上（例如合成苯丙胺）。\n氮主要存在于所有的有机体的氨基酸（以及蛋白质）和核酸（DNA和RNA）之中。人类身体中的3%的重量都是氮元素构成的，其含量仅次于氧元素、碳元素和氢元素。氮循环是指氮元素从空气进入生物圈和有机化合物中然后再返回大气的转移过程。',65,'#3050F8','https://zh.wikipedia.org/wiki/%E6%B0%AE'),
	(8,'2017-04-16 19:55:40','2017-04-19 00:09:05','O',1,'O','氧','Oxygen','','',0,'氧（IUPAC名：oxygen[1] ），化学符号：O（拉丁语：Oxygenium[2] ），化学元素，氧的原子序数为8，相对原子质量为15.9994[3]。在元素周期表中，氧是氧族元素的一员，它也是一个高反应性的第2周期非金属元素，很容易与几乎所有其它元素形成化合物（主要为氧化物）。在标准状况下，两个氧原子结合形成氧气，是一种无色无臭无味的双原子气体，化学式为O2。如果按质量计算，氧在宇宙中的含量仅次于氢和氦，在地壳中，氧则是含量最丰富的元素。氧不仅占了水质量的89%，也占了空气体积的20.9%。\n中文旧译作氱 （拉丁语：Oxygenium），法语：Oxygène，英语：Oxygen)，字源学来说是根源于希腊文的成酸物质（酸oxus+成genes）[4]或“产生酸的东西”[5]。\n构成有机体的所有主要化合物都含有氧，包括蛋白质、碳水化合物和脂肪。构成动物壳、牙齿及骨骼的主要无机化合物也含有氧。由蓝藻、藻类和植物经过光合作用所产生的氧气化学式为O2，几乎所有复杂生物的细胞呼吸作用都需要用到氧气。动物中，除了极少数之外，皆无法终身脱离氧气生存[6]。对于厌氧性生物来说，氧气是有毒的。这类生物曾经是早期地球上的主要生物，直到25亿年前氧气(O2)开始在大气层中逐渐积累。[7]目前大气中氧气主要来源有约九成来自水域中的植物所行之光合作用。氧元素的另一个同素异形体是臭氧。在高海拔形成的臭氧层能够吸收大部分来自太阳的紫外线辐射。但是接近地表的臭氧则是一种污染，这些臭氧主要存在于光化学烟雾中。',60,'#FF0D0D','https://zh.wikipedia.org/wiki/%E6%B0%A7'),
	(9,'2017-04-16 19:57:10','2017-04-19 00:09:13','F',1,'F','氟','Fluorine','','',0,'氟是一种化学元素，符号为F，其原子序数为9，是最轻的卤素。其单质在标准状况下为浅黄色的双原子气体，有剧毒。作为电负性最强的元素，氟极度活跃，几乎所有其它元素，包括某些稀有气体元素都可以和氟形成化合物。\n在所有元素中，氟在宇宙中的丰度排名为24，在地壳中丰度排名13。萤石是氟的主要矿物来源，1529年该矿物的性质首次被描述。由于在冶炼中将萤石加入金属矿石可以降低矿石的熔点，萤石和氟包含有拉丁语中表示流动的词根fluo。尽管在1810年就已经认为存在氟这种元素，由于氟非常难以从其化合物中分离出来，并且分离过程也非常危险，直到1886年，法国化学家亨利·莫瓦桑才采用低温电解的方法分离出氟单质。许多早期的实验者都因为他们分离氟单质的尝试受到伤害甚至去世。莫瓦桑的分离方法在现代生产中仍在使用。自第二次世界大战的曼哈顿工程以来，单质氟的最大应用就是合成铀浓缩所需的六氟化铀。\n由于提纯氟单质的费用甚高，大多数的氟的商业应用都是使用其化合物，开采出的萤石中几乎一半都用于炼钢。其余的萤石转化为具有腐蚀性的氟化氢并用于合成有机氟化物，或者转化为在铝冶炼中起到关键作用的冰晶石。有机氟化物具有很高的化学稳定性，其主要用途是制冷剂、绝缘材料以及厨具（特氟龙）。诸如阿托伐他汀和氟西汀等药物也含有氟。由于氟离子能够抑制龋齿，氟化水和牙膏中也含有氟。全球与氟相关的化工业年销售额超过150亿美元。\n氟碳化合物气体是温室气体，其温室效应是二氧化碳的100到20000倍。由于碳氟键强度极高，有机氟化合物在环境中难以降解，能够长期存在。在哺乳动物中，氟没有已知的代谢作用，而一些植物能够合成能够阻止食草动物的有机氟毒素。',50,'#90E050','https://zh.wikipedia.org/wiki/%E6%B0%9F'),
	(10,'2017-04-16 19:59:11','2017-04-19 00:09:50','Ne',1,'Ne','氖','Neon','','',0,'氖（旧译作氝，讹作氞）是一种化学元素，它的化学符号是Ne，它的原子序数是10，是一种无色的稀有气体，把它放电时呈橙红色。氖最常用在霓红灯之中。空气中含有少量氖。',38,'#B3E3F5','https://zh.wikipedia.org/wiki/%E6%B0%96'),
	(11,'2017-04-16 20:00:47','2017-04-19 00:09:56','Na',1,'Na','钠','Natrium','','',0,'钠（拉丁语：Natrium，化学符号：Na）是一种化学元素，它的原子序数是11，相对原子质量为23。钠单质不会在地球自然界中存在，因为钠在空气中会迅速氧化，并与水产生剧烈反应，所以常见于化合物中，元素状态的钠通常以特殊物质（如石蜡、煤油）保存，以防与空气中的水分或氧气产生化合物。',180,'#AB5CF2','https://zh.wikipedia.org/wiki/%E9%88%89'),
	(12,'2017-04-16 20:01:58','2017-04-19 00:10:06','Mg',1,'Mg','镁','Magnesium','','',0,'镁（Magnesium）是一种化学元素，它的化学符号是Mg，它的原子序数是12，是一种银白色的碱土金属。镁是在地球的地壳中第八丰富的元素，约占2％的质量，亦是宇宙中第九多元素。',150,'#8AFF00','https://zh.wikipedia.org/wiki/%E9%8E%82'),
	(13,'2017-04-16 20:04:00','2017-04-19 00:10:12','Al',1,'Al','铝','Aluminium','','',0,'铝（Aluminium或Aluminum）是一种化学元素，属于硼族元素，其化学符号是Al，原子序数是13。相对密度是2.70。铝是一种较软的易延展的银白色金属。铝是地壳中第三大丰度的元素（仅次于氧和硅），也是丰度最大的金属，在地球的固体表面中占约8%的质量。铝金属在化学上很活跃，因此除非在极其特殊的氧化还原环境下，一般很难找到游离态的金属铝。被发现的含铝的矿物超过270种。[5]最主要的含铝矿石是铝土矿。\n铝因其低密度以及耐腐蚀（由于钝化现象）而受到重视。利用铝及其合金制造的结构件不仅在航空航太工业中非常关键，在交通和结构材料领域也非常重要。最有用的铝化合物是它的氧化物和硫酸盐。\n尽管铝在环境中广泛存在，但没有一种生命形式中包含有铝盐。',125,'#BFA6A6','https://zh.wikipedia.org/wiki/%E9%8B%81'),
	(14,'2017-04-16 20:11:02','2017-04-19 00:10:19','Si',1,'Si','硅','Silicon','','',0,'硅（英语：Silicon，台湾、香港及澳门称为矽，旧讹称为釸，中国大陆称为硅）是一种类金属元素，化学符号为Si，原子序数为14，属于元素周期表上的IVA族。\n硅原子有4个外围电子，与同族的碳相比，硅的化学性质相对稳定，活性较低。硅是极为常见的一种元素，然而它极少以单质的形式存在于自然界，而是以复杂的硅酸盐或二氧化硅等化合物形式广泛存在于岩石、砂砾、尘土之中。在宇宙储量排名中，硅位于第八名。在地壳中，它是第二丰富的元素，占地壳总质量25.7%，仅次于第一位的氧（49.4%）。',110,'#F0C8A0','https://zh.wikipedia.org/wiki/%E7%A1%85'),
	(15,'2017-04-16 20:13:39','2017-04-19 00:10:25','P',1,'P','磷','Phosphorum','','',0,'磷（拉丁语：Phosphorum，化学符号：P）是一种化学元素，它的原子序数是15。',100,'#FF8000','https://zh.wikipedia.org/wiki/%E7%A3%B7'),
	(16,'2017-04-16 20:18:14','2017-04-19 00:10:30','S',1,'S','硫','Sulfur','','',0,'硫是一种化学元素，在元素周期表中它的化学符号是S，原子序数是16。硫是一种非常常见的无味无臭的非金属，纯的硫是黄色的晶体，又称做硫磺。硫有许多不同的化合价，常见的有-2, 0, +4, +6等。在自然界中它经常以硫化物或硫酸盐的形式出现，尤其在火山地区纯的硫也在自然界出现。对所有的生物来说，硫都是一种重要的必不可少的元素，它是多种氨基酸的组成部分，尤其是大多数蛋白质的组成部分。它主要被用在肥料中，也广泛地被用在火药、润滑剂、杀虫剂和抗真菌剂中。',100,'#FFFF30','https://zh.wikipedia.org/wiki/%E7%A1%AB'),
	(17,'2017-04-16 20:18:22','2017-04-19 00:10:36','Cl',1,'Cl','氯','Chlorine','','',0,'氯是一种卤族化学元素，化学符号为Cl，原子序数为17。',100,'#1FF01F','https://zh.wikipedia.org/wiki/%E6%B0%AF'),
	(18,'2017-04-16 20:18:52','2017-04-19 00:10:44','Ar',1,'Ar','氩','Argon','','',0,'氩（Argon）是一种化学元素，在希腊语有“不活泼”的意思，由它的特性而来。它的化学符号是Ar，它的原子序数是18，在室温下是无色无味气体。由于原子外层轨道充满电子，因此它不容易发生化学反应，是一种惰性气体。把它放电时呈紫色。已知的氩的同位素共有14种，包括氩33至氩46。氩占大气体积的0.93%，是地球大气中第三多的气体，也是在大气中含量最多的惰性气体。它的三相点以国际实用温标定义为83.8058K。',71,'#80D1E3','https://zh.wikipedia.org/wiki/%E6%B0%AC'),
	(19,'2017-04-16 20:20:14','2017-04-19 00:10:52','K',1,'K','钾','Potassium','','',0,'钾（拉丁语：Kalium，化学符号：K）是原子序数为19的化学元素，银白色有光泽的1A族碱金属元素，质软，和钠的化学性质相似但更活泼。',220,'#8F40D4','https://zh.wikipedia.org/wiki/%E9%89%80'),
	(20,'2017-04-16 20:20:32','2017-04-19 00:10:55','Ca',1,'Ca','钙','Calcium','','',0,'钙（Calcium）是一种化学元素。其化学符号是Ca，原子序数是20。钙是银白色的碱土金属，具有中等程度的软性。虽然在地壳的含量也很高，为地壳中第五丰富的元素，占地壳总质量3%[2]，因其化学活动性颇高，可以和水或酸反应放出氢气，或是在空气中便可氧化（形成致密氧化层（氧化钙）），因此在自然界多以离子状态或化合物形式存在，而没有单质存在。在工业的主要矿物来源如石灰岩、石膏等，在建筑（水泥原料）、肥料、制碱、和医疗上用途佷广。\n自然界有6种天然同位素存在，不过其中只有3种是稳定的，另有11种放射性同位素。',180,'#3DFF00','https://zh.wikipedia.org/wiki/%E9%88%A3'),
	(21,'2017-04-16 20:20:36','2017-04-19 00:11:07','Sc',1,'Sc','钪','Scandium','','',0,'钪（Scandium），旧译作鉰、鏮，为一种化学元素，它的化学符号是Sc，它的原子序数是21，是一种柔软、银白色的过渡性金属。常跟钆、铒等混合存在，产量很少。主要化合价为氧化态+3价。\n1879年拉斯·弗雷德里克·尼尔森和他的团队在斯堪的纳维亚半岛的黑稀金矿（euxenite）和硅铍钇矿（gadolinite）中通过光谱分析发现这个新的元素[3]，其名称Scandium来自斯堪的纳维亚半岛的拉丁文名称Scandia。早期，钪和钇和镧一起被列入稀土金属。钪存在于大多数稀土矿，但可以提取的在全世界只有几个钪矿。\n由于钪可用性低、制取困难，1937年才首次提取。',160,'#E6E6E6','https://zh.wikipedia.org/wiki/%E9%88%A7'),
	(22,'2017-04-16 20:20:49','2017-04-19 00:11:28','Ti',1,'Ti','钛','Titanium','','',0,'钛是化学元素，化学符号Ti，原子序数22，是银白色过渡金属，其特征为重量轻、强度高、具金属光泽，亦有良好的抗腐蚀能力（包括海水、王水及氯气）。由于其稳定的化学性质，良好的耐高温、耐低温、抗强酸、抗强碱，以及高强度、低密度，获美誉为“太空金属”[2]。钛于1791年由格雷戈尔于英国康沃尔郡发现，并由克拉普罗特用希腊神话的泰坦为其命名。\n钛被认为是一种稀有金属，这是由于在自然界中其存在分散并难于提取。但其相对丰度在所有元素中居第十位。[3]钛的矿石主要有钛铁矿及金红石，广布于地壳及岩石圈之中。钛亦同时存在于几乎所有生物、岩石、水体及土壤中[4]。从主要矿石中萃取出钛需要用到克罗尔法[5]或亨特法。钛最常见的化合物是二氧化钛，可用于制造白色颜料[6]。其他化合物还包括四氯化钛（TiCl4，作催化剂及用于制造烟幕或空中文字）及三氯化钛（TiCl3，用于催化聚丙烯的生产）[4]。\n钛能与铁、铝、钒或钼等其他元素熔成合金，造出高强度的轻合金，在各方面有着广泛的应用，包括航天（喷气发动机、导弹及航天器）、军事、工业程序（化工与石油制品、海水淡化及造纸）、汽车、农产食品、医学（义肢、骨科移植及牙科器械与填充物）、运动用品、珠宝及手机等等。[4]\n钛最有用的两个特性是，抗腐蚀性，及金属中最高的强度－重量比[7]。在非合金的状态下，钛的强度跟某些钢相若，但却还要轻45%[8]。有两种同素异形体[9]和五种天然的同位素，由46Ti到50Ti，其中丰度最高的是48Ti（73.8%）[10]。钛的化学性质及物理性质和锆相似，这是因为两者的价电子数目相同，并于元素周期表中同属一族。',140,'#BFC2C7','https://zh.wikipedia.org/wiki/%E9%88%A6'),
	(23,'2017-04-16 20:20:52','2017-04-19 00:11:33','V',1,'V','钒','Vanadium','','',0,'钒（Vanadium），元素符号V，化学元素之一，原子序数为23。钒音译自英语Vanadium，其词根源于日耳曼神话中古日耳曼语的女神名字Vanadis。这名字源于钒有许多色彩鲜艳的化合物。\n钒为有韧性及延展性之坚硬银灰过渡金属，在自然界仅以化合态存在，一般用于材料工程作为合金成分。',135,'#A6A6AB','https://zh.wikipedia.org/wiki/%E9%87%A9'),
	(24,'2017-04-16 20:21:11','2017-04-19 00:11:46','Cr',1,'Cr','铬','Chromium','','',0,'铬（拉丁语：Chromium，化学符号：Cr）是一种化学元素，其原子序数为24，在VI B族元素中排行首位。其单质是一种银色的金属，质地坚硬，表面带光泽，具有很高的熔点。它无嗅、无味，同时具延展性。1797年法国药剂师和化学家路易-尼古拉·沃克兰首度自铬铅矿（PbCrO4）中分离出铬，被确认是一种化学元素。',140,'#8A99C7','https://zh.wikipedia.org/wiki/%E9%89%BB'),
	(25,'2017-04-16 20:21:14','2017-04-19 00:11:52','Mn',1,'Mn','锰','Manganese','','',0,'锰（Manganese）是一种化学元素，它的化学符号是Mn，它的原子序数是25，是一种过渡金属。',140,'#9C7AC7','https://zh.wikipedia.org/wiki/%E9%8C%B3'),
	(26,'2017-04-16 20:21:18','2017-04-19 00:11:57','Fe',1,'Fe','铁','Iron','','',0,'铁是一种化学元素，它的化学符号是Fe，它的原子序数是26，它的相对原子质量是56。它是过渡金属的一种。铁是最常用的金属，也是地球上质量比例最高的金属，是地球外核及内核的主要成分，是地壳上丰度第四高的元素。铁常出现在类地行星中，因为铁是高质量恒星核聚变后的产物，镍-56是放热核聚变反应的最后一个产物，之后会衰变成最常见的铁同位素。\n铁和其他8族元素相同，其氧化态范围很广，由−2到+6，但其中+2和+3是最常见的氧化态。在流星体及低氧的环境下，铁会以单质的形式存在，但是铁很容易和氧气和水反应。铁的表面是有光泽的银灰色，但在空气中铁会反应生成水合的氧化铁，一般称为铁锈。许多金属在氧化后会形成钝化的氧化层，保护内部的金属不被氧化，但氧化铁的体积较铁要大，因此氧化铁会剥落，无法保护内部的铁不受腐蚀。',140,'#E06633','https://zh.wikipedia.org/wiki/%E9%90%B5'),
	(27,'2017-04-16 20:21:41','2017-04-19 00:12:04','Co',1,'Co','钴','Cobalt','','',0,'钴是一种化学元素，符号为Co，原子序数27，属过渡金属，具有磁性。\n钴的英文名称“Cobalt”来自于德文的Kobold，意为“坏精灵”，因为钴矿有毒，矿工、冶炼者常在工作时染病，钴还会污染别的金属，这些不良效果过去都被看作精灵的恶作剧。 钴矿主要为砷化物、氧化物和硫化物。此外，放射性的钴-60可进行癌症治疗。',135,'#F090A0','https://zh.wikipedia.org/wiki/%E9%88%B7'),
	(28,'2017-04-16 20:21:44','2017-04-19 00:12:11','Ni',1,'Ni','镍','Nickel','','',0,'镍[注 1]是一种化学元素，化学符号为Ni，原子序数为28。它是一种有光泽的银白色金属，其银白色带一点淡金色。镍属于过渡金属，质硬，具延展性。纯镍的化学活性相当高，这种活性可以在反应表面积最大化的粉末状态下看到，但大块的镍金属与周围的空气反应缓慢，因为其表面已形成了一层带保护性质的氧化物。即使如此，由于镍与氧之间的活性够高，所以在地球表面还是很难找到自然的金属镍。地球表面的自然镍都被封在较大的镍铁陨石里面，这是因为陨石在太空的时候接触不到氧气的缘故。在地球上，这种自然镍总会和铁结合在一起，这点反映出它们都是超新星核合成主要的最终产物。一般认为地球的地核就是由镍铁混合物所组成的[3]。\n镍的使用（天然的陨镍铁合金）最早可追溯至公元前3500年。阿克塞尔·弗雷德里克·克龙斯泰特于1751年最早分离出镍，并将它界定为化学元素，尽管他最初把镍矿石误认为铜的矿物。镍的外语名字来自德国矿工传说中同名的淘气妖精（Nickel，与英语中魔鬼别称\"Old Nick\"相近），这是由于镍铜矿不能用炼铜的方法炼出铜来，所以被比拟成妖魔。镍最经济的主要来源为铁矿石褐铁矿，含镍量一般为1-2%。镍的其他重要矿物包括硅镁镍矿及镍黄铁矿。镍的主要生产地包括加拿大的索德柏立区（一般认为该处是陨石撞击坑）、太平洋的新喀里多尼亚及俄罗斯的诺里尔斯克。\n由于镍在室温时的氧化缓慢，所以一般视为具有耐腐蚀性。历史上，因为这一点镍被用作电镀各种表面，例如金属（如铁及黄铜）、化学装置内部及某些需要保持闪亮银光的合金（例如镍银）。世界镍生产量中的约6%仍被用于抗腐蚀纯镍电镀。镍曾经是硬币的常见成分，但现时这方面已大致上被较便宜的铁所取代，尤其是因为有些人的皮肤对镍过敏。尽管如此，英国还是在皮肤科医生的反对下，于2012年开始再使用镍铸造钱币[4]。\n只有四种元素在室温时具有铁磁性，镍就是其中一种。含镍的铝镍钴合金永久磁铁，其磁力强度介乎于含铁的永久磁铁与稀土磁铁之间。镍在现代世界的的地位主要来自于它的各种合金。全世界镍产量中的约60%被用于生产各种镍钢（特别是不锈钢）。其他常见的合金，还有一些的新的高温合金，就几乎就占尽了余下的世界镍用量。用于制作化合物的化学用途只占了镍产量的不到3%[5]。作为化合物，镍在化学制造有好几种特定的用途，例如作为氢化反应的催化剂。某些微生物和植物的酶用镍作为活性位点，因此镍是它们重要的养分。',135,'#50D050','https://zh.wikipedia.org/wiki/%E9%8E%B3'),
	(29,'2017-04-16 20:21:47','2017-04-19 00:12:16','Cu',1,'Cu','铜','Copper','','',0,'铜（英语：copper）是化学元素，化学符号Cu（来自拉丁语：cuprum）[2]，原子序数29。纯铜是柔软的金属，表面刚切开时为红橙色带金属光泽、延展性好、导热性和导电性高，因此在电缆和电气、电子元件是最常用的材料，也可用作建筑材料，以及组成众多种合金。铜合金机械性能优异，电阻率很低，其中最重要的数青铜和黄铜。此外，铜也是耐用的金属，可以多次回收而无损其机械性能。\n人类使用铜及其合金已有数千年历史。古罗马时期铜的主要开采地是塞浦路斯，因此最初得名cyprium（意为塞浦路斯的金属），后来变为cuprum，这是英语：copper、法语：cuivre和德语：Kupfer的来源。[3]二价铜盐是常见的铜化合物，常呈蓝色或绿色，是蓝铜矿和绿松石等矿物颜色的来源，历史上曾广泛用作颜料。铜质建筑结构受腐蚀后会产生铜绿（碱式碳酸铜）。装饰艺术主要使用金属铜和含铜的颜料。\n铜是所有生物所必需的微量膳食矿物质，因为它是呼吸酶复合体细胞色素c氧化酶的关键组分。软体动物和甲壳亚门动物的血液色素血蓝蛋白中含有铜。鱼类和其他哺乳动物的血液中则是含铁的复合物血红蛋白。铜在人体中主要分布于肝脏、肌肉和骨骼中。[4]铜的化合物可用作抑菌剂、杀真菌剂和木材防腐剂。',135,'#C88033','https://zh.wikipedia.org/wiki/%E9%8A%85'),
	(30,'2017-04-16 20:21:52','2017-04-19 00:12:30','Zn',1,'Zn','锌','Zinc','','',0,'锌（zinc）是一种化学元素，它的化学符号是Zn，它的原子序数是30，相对原子质量是65.39，是一种浅灰色的过渡金属；锌由于形、色类似铅，故也称为亚铅，古称倭铅。\n不过地壳含量最丰富的元素，前几名是氧、硅、铝、铁、钙、钠、钾及镁。外观呈现银白色，主要用途为镀锌，在现代工业中对于电池制造上有不可磨灭的地位，最具代表性之用途为“镀锌铁板”，该技术被广泛用于汽车、电力、电子及建筑等各种产业中，于生活中相当重要的金属。',135,'#7D80B0','https://zh.wikipedia.org/wiki/%E9%8B%85'),
	(31,'2017-04-16 20:22:11','2017-04-19 00:12:36','Ga',1,'Ga','镓','Gallium','','',0,'镓（Gallium，旧译作鉫、锞）是一种化学元素，它的化学符号是Ga，原子序数是31，是一种贫金属。\n在自然界中常以微量分散于铝矾土矿、闪锌矿等矿石中。',130,'#C28F8F','https://zh.wikipedia.org/wiki/%E9%8E%B5'),
	(32,'2017-04-16 20:22:16','2017-04-19 00:12:43','Ge',1,'Ge','锗','Germanium','','',0,'锗（英语：Germanium，旧译作鈤[a]）是一种化学元素，它的化学符号是“Ge”，原子序数是32。它是一种灰白色类金属，有光泽，质硬，属于碳族，化学性质与同族的锡与硅相近。在自然中，锗共有5种同位素，原子质量数在70至76之间。它能形成许多不同的有机金属化合物，例如四乙基锗及异丁基锗烷等。\n即使地球表面上锗的丰度地壳蕴含量相对较高，但由于矿石中很少含有高浓度的锗，所以它在化学史上发现得比较晚。门捷列夫在1869年根据元素周期表的位置，预测到锗的存在与其各项属性，并把它称作拟硅。克莱门斯·温克勒于1886年在一种叫硫银锗矿的稀有矿物中，除了找到硫和银之外，还发现了一种新元素。尽管这种新元素的外观跟砷和锑有点像，但是新元素在化合物中的化合比符合门捷列夫对硅下元素的预测。温克勒以他的国家——德国的拉丁语名来为这种元素命名。\n锗是一种重要的半导体材料，用于制造晶体管及各种电子装置。主要的终端应用为光纤系统与红外线光学（infrared optics），也用于聚合反应的催化剂，制造电子器件与太阳能电力等。现在，开采锗用的主要矿石是闪锌矿（锌的主要矿石），也可以在银、铅和铜矿中，用商业方式提取锗。一些锗化合物，如四氯化锗（GeCl4）和甲锗烷，会刺激眼睛、皮肤、肺部与喉咙。',125,'#668F8F','https://zh.wikipedia.org/wiki/%E9%8D%BA'),
	(33,'2017-04-16 20:22:29','2017-04-19 00:12:49','As',1,'As','砷','Arsenic','','',0,'砷，化学元素符号为As，原子序数为33。砷分布在多种矿物中，通常与硫和其它金属元素共存，也有纯的元素晶体。艾尔伯图斯·麦格努斯在1250年首次对砷进行了记载[2]。砷是一种非金属元素。单质以灰砷、黑砷和黄砷这三种同素异形体的形式存在，但只有灰砷在工业上具有重要的用途。\n砷可用于合金的制造，比如生产铜的强化合金或是添加到制造车用铅酸蓄电池的合金中。[3]制造半导体电子器件时用砷作为掺杂剂合成n形半导体材料，掺杂了硅的光电子化合物砷化镓是在使用中最常见的半导体。砷和它的化合物，特别是三氧化二砷（砒霜）用于合成农药（用于处理木材产品）、除草剂和杀虫剂。但这些方面的应用正在逐渐消失[4]。\n虽然有少数几种细菌是能够将砷化合物作为呼吸代谢物的[5]，但是对于多细胞生物而言砷是有毒物质。受砷污染的地下水是影响全世界几百万人的环境问题。',115,'#BD80E3','https://zh.wikipedia.org/wiki/%E7%A0%B7'),
	(34,'2017-04-16 20:22:38','2017-04-19 00:12:58','Se',1,'Se','硒','Selenium','','',0,'硒是化学元素，化学符号是Se，原子序数是34，是非金属。\n硒对生物来说是必需，但同时也有毒性。硒的性质与硫及碲相似；在有光时，导电性能较黑暗时好，故可用来做光电池。',103,'#FFA100','https://zh.wikipedia.org/wiki/%E7%A1%92'),
	(35,'2017-04-16 20:22:50','2017-04-19 00:13:07','Br',1,'Br','溴','Bromine','','',0,'溴，是一个化学元素及一种卤素；元素符号Br，原子序35。溴分子在标准温度和压力下是有挥发性的红棕色液体，活性介于氯与碘之间。纯溴也称溴素。溴蒸气具有腐蚀性，并且有毒。在2007年，约有556,000公吨的溴被制造。溴与其化合物可被用来作为阻燃剂、净水剂、杀虫剂、染料等等。曾是常用消毒药剂的红药水中就含有溴和汞。在照相术中，溴和碘与银的化合物担任感光剂的角色。',94,'#A62929','https://zh.wikipedia.org/wiki/%E6%BA%B4'),
	(36,'2017-04-16 20:22:56','2017-04-19 00:13:09','Kr',1,'Kr','氪','Krypton','','',0,'氪是一种化学元素，化学符号是Kr，原子序数是36，是一种无色、无臭、无味的惰性气体，把它放电时呈橙红色，在大气中含有痕量，可通过分馏从液态空气中分离，常用于制作荧光灯。氪正如其他惰性气体一样，不易与其他物质产生化学作用，已知的化合物有二氟化氪（KrF2）。\n正如其他惰性气体，氪可用于照明和摄影。氪发出的光有大量谱线，并大量以等离子体的形态释出，这使氪成为制造高功率气体激光器的重要材料，另外也有特制的氟化氪激光。氪放电管功率高、操作容易，因此在1960年至1983年间，一米的定义是用氪86发出的橙色谱线作为基准的。',88,'#5CB8D1','https://zh.wikipedia.org/wiki/%E6%B0%AA'),
	(37,'2017-04-16 20:23:12','2017-04-19 00:13:26','Rb',1,'Rb','铷','Rubidium','','',0,'铷是一种化学元素，符号为Rb，原子序数为37。铷是种质软、呈银白色的金属，属于碱金属，原子量为85.4678。单质铷的反应性极高，其性质与其他碱金属相似，例如会在空气中快速氧化。自然出现的铷元素由两种同位素组成：85Rb是唯一一种稳定同位素，占72%；87Rb具微放射性，占28%，其半衰期为490亿年，超过宇宙年龄的三倍。\n德国化学家罗伯特·威廉·本生和古斯塔夫·基尔霍夫于1861年利用当时的新技术火焰光谱法发现了铷元素。\n铷化合物有一些化学和电子上的应用。铷金属能够轻易气化，而且它有特殊的吸收光谱范围，所以常被用在原子的激光操控技术上。\n铷并没有已知的生物功用。但生物体对铷离子的处理机制和钾离子相似，因此铷离子会被主动运输到植物和动物细胞中。',235,'#702EB0','https://zh.wikipedia.org/wiki/%E9%8A%A3'),
	(38,'2017-04-16 20:23:31','2017-04-19 00:13:31','Sr',1,'Sr','锶','Strontium','','',0,'锶（Strontium，旧译作鎴）是一种化学元素，它的化学符号是Sr，它的原子序数是38，属于周期表的2A族，是一种银白色有光泽的碱土金属。\n锶是碱土金属中丰度最小的元素。在自然界主要以化合态存在，主要的矿石有天青石（SrSO4），菱锶矿（SrCO3）。1787年，由英国人霍普发现，亦经过他的朋友克劳福德确认。1807年英国化学家戴维电解碳酸锶时发现了金属锶。工业用电解熔融的氯化锶制取锶。\n锶的化学性质活泼，加热到熔点（769℃）时即燃烧，呈红色火焰，生成氧化锶（SrO），在加压条件下跟氧气化合生成过氧化锶（SrO2）。跟卤素、硫、硒等容易化合。加热时跟氮化合生成氮化锶（Sr3N2）。加热时跟氢化合生成氢化锶（SrH2）。跟盐酸、稀硫酸剧烈反应放出氢气。常温下跟水反应生成氢氧化锶和氢气。锶在空气中会转黄色。\n锶元素广泛存在在矿泉水中，是一种人体必需的微量元素，具有防止动脉硬化，防止血栓形成的功能。\n锶和碳酸锶均是根据Strontian来命名的，这是苏格兰的一个小村庄，其附近的矿物质Strontian于1790年首先由Adair Crawford和William Cruickshank发现。19世纪自甜菜中提取糖料的发明是其最大的一个应用（参见strontian工艺）。锶化合物如今主要用于生产电视机中的阴极射线管，以其他显示法代替使用阴极射线管的做法正在改变锶的总消费量。',200,'#00FF00','https://zh.wikipedia.org/wiki/%E9%8D%B6'),
	(39,'2017-04-16 20:23:35','2017-04-19 00:13:37','Y',1,'Y','钇','Yttrium','','',0,'钇是化学元素，符号为Y，原子序为39，是银白色过渡金属，化学性质与镧系元素相近，且常归为稀土金属。[2]钇在自然中并不单独出现，而是和镧系元素结合出现在稀土矿中。89Y是钇的唯一一种稳定同位素和自然同位素。\n1787年，卡尔·阿克塞尔·阿列纽斯（Carl Axel Arrhenius）在瑞典伊特比（Ytterby）附近发现了一种新的矿石，即硅铍钇矿，并根据发现地村落的名称将它命名为“Ytterbite”。约翰·加多林（Johan Gadolin）在1789年于阿列纽斯的矿物样本中，发现了氧化钇。[3]安德斯·古斯塔夫·埃克贝格（Anders Gustaf Ekeberg）把这一氧化物命名为“Yttria”。弗里德里希·维勒在1828年首次分离出钇的单质。[4]\n钇的最大用途在于磷光体的生产，特别是红色LED和电视机阴极射线管（CRT）显示屏的红色磷光体。[5]钇元素也被用于电极、电解质、电子滤波器、激光器和超导体中，也有多项医学和材料科学上的应用。钇没有已知的生物用途，人类接触钇元素可导致肺病。[6]',180,'#94FFFF','https://zh.wikipedia.org/wiki/%E9%87%94'),
	(40,'2017-04-16 20:23:40','2017-04-19 00:13:43','Zr',1,'Zr','锆','Zirconium','','',0,'锆（Zirconium）是化学元素，化学符号是Zr，原子序数是40，是银白色的过渡金属。',155,'#94E0E0','https://zh.wikipedia.org/wiki/%E9%8B%AF'),
	(41,'2017-04-16 20:23:50','2017-04-19 00:13:52','Nb',1,'Nb','铌','Niobium','','',0,'铌（IUPAC名：niobium，化学符号：Nb）[1]是原子序为41的化学元素，曾有旧称钶（Columbium，化学符号：Cb）原在美洲使用，1949年IUPAC决定采欧洲使用的名称[2]。铌是一种质软的灰色可延展过渡金属，一般出现在烧绿石和铌铁矿中。其命名来自希腊神话中的尼俄伯，即坦塔洛斯之女。\n铌的化学和物理性质与钽元素相近，因此两者很难区分开来。英国化学家查理斯·哈契特在1801年宣布发现一种近似于钽的新元素，并将它命名为“Columbium”（钶）。1809年，英国化学家威廉·海德·沃拉斯顿错误地把钽和钶判定为同一个元素。德国化学家海因里希·罗泽在1846年得出结论，指钽矿物中确实存在另一种元素，他将其命名为“Niobium”（铌）。在1864至1865年进行的一系列研究最终确认，铌和钶实为同一元素，与钽则是不同的元素。接下来的一个世纪内，两种称呼都被广泛通用。1949年，铌成为了这一元素的正式命名，但美国至今仍在冶金学文献中使用旧名“钶”。\n铌直到20世纪初才开始有商业应用。巴西是目前铌和铁铌合金的最大产国。铌一般被用于制作合金，最重要的应用在特殊钢材，例如天然气运输管道材料。虽然这些合金的含铌量不会超过0.1%，但加入少量的铌即可达到强化钢材的作用。含铌的高温合金具有高温稳定性，对制造喷射引擎和火箭引擎非常有用。铌是第II类超导体的合金成分。这些超导体也含有钛和锡，被广泛应用在核磁共振成像扫描仪作超导磁铁。 铌的毒性低，亦很容易用阳极氧化处理进行上色，所以被用于钱币和首饰。铌的其他应用范畴还包括焊接、核工业、电子和光学等。',145,'#73C2C9','https://zh.wikipedia.org/wiki/%E9%88%AE'),
	(42,'2017-04-16 20:23:55','2017-04-19 00:13:58','Mo',1,'Mo','钼','Molybdenum','','',0,'钼(Molybdenum)是一种化学元素，它的化学符号是Mo，它的原子序数是42，是一种灰色的过渡金属。Molybdenum 来自新拉丁语 molybdaenum，后者来自古希腊语 Μόλυβδος molybdos，意思是铅，因为钼矿石与铅矿石被混淆了。[3]钼矿石在历史上被人们所熟知，但该元素的发现(即从其它金属中区分出来)是在1778年，由 卡尔·威廉·舍勒识别出来。该金属在1781年第一次被彼得·雅各·耶尔姆分离得出。\n钼在地球上没有自然金属的形态，但是在矿物中以各种氧化物的形式出现。在单体元素形式中，钼是一种灰色金属，呈灰口铸铁颜色，是所有元素中熔点排名第六高。它很容易在合金中形成坚硬、稳定的碳化物，因此，世界上大多数钼产品（约80%）都被用作某种铁合金，包括高强度合金和高温合金。\n大多数钼化合物在水中微溶，但是当含钼的矿物与氧气和水接触时可以形成钼离子MoO2−\n4。在工业上，钼化合物（世界上约有14%的产品）被用于高压和高温应用品，如色素或催化剂等。\n目前，一些细菌在打破大气氮分子的化学键上最常用的催化剂是含钼酶，能起到生物固氮作用。在细菌和动物中，虽然只有细菌和蓝藻酶会参与到固氮活动中，但已知的含钼酶至少有50种。这些固氮酶含钼的形式与其它含钼酶不同，但都有氧化形式的钼，用以搭配钼辅因子。由于钼的各种辅因子酶的多样功能，钼成为所有高于真核生物组织的膳食矿物质，虽然并非所有细菌都用到钼。',145,'#54B5B5','https://zh.wikipedia.org/wiki/%E9%89%AC'),
	(43,'2017-04-16 20:24:06','2017-04-19 00:14:04','Tc',1,'Tc','锝','Technetium','','',0,'锝（台湾称鎝）是一种化学元素，其原子序数是43，化学符号是Tc。其所有同位素都具有放射性，是原子序最小的非稳定元素。地球上现存的大部分锝都是人工制造的，自然界中仅有极少量存在。在铀矿中，锝是一种自发裂变产物；在钼矿石中，钼经中子俘获后可以生成锝。锝是一种银灰色的金属晶体，其化学性质介于锰和铼之间。\n在锝发现以前，德米特里·门捷列夫就已经预测了它的许多性质。在他的周期表中，门捷列夫把这种尚未发现的元素叫做“类锰”，符号为Em。1937年，锝（准确的说是锝-97）成为第一个大部分由人工制造的元素。它的英文名来自希腊语τεχνητός，意为“人造”。\n锝的短寿命同位素锝-99m具有γ放射性，广泛用于核医学。锝-99仅具有β放射性。商业上，锝的长寿命同位素是反应堆中铀-235裂变的副产物，可以从乏燃料中提取得到。锝最长寿命的同位素是锝-98（半衰期为420万年）。1952年，有人在寿命超过十亿年的红巨星中发现了锝-98，让人们认识到恒星可以制造重元素。',135,'#3B9E9E','https://zh.wikipedia.org/wiki/%E9%8E%9D'),
	(44,'2017-04-16 20:24:11','2017-04-19 00:14:10','Ru',1,'Ru','钌','Ruthenium','','',0,'钌是一种化学元素，它的化学符号是Ru，它的原子序数是44。\n它的英文名称是俄罗斯的意思。钌是在1844年由波罗的海德裔俄国科学家Karl Ernst Claus发现的。\n钌是硬质的银白色的过渡金属。钌可在铂矿中发现，仅在高温时才能加工。亦在一些铂合金中用作催化剂。',130,'#248F8F','https://zh.wikipedia.org/wiki/%E9%87%95'),
	(45,'2017-04-16 20:24:22','2017-04-19 00:14:16','Rh',1,'Rh','铑','Rhodium','','',0,'铑（旧译錴）符号Rh，元素之一，原子序45，只有一个同位素103Rh。由威廉 · 海德伍拉斯顿于1803年发现，并以其一种玫瑰色的氯化合物命名，可由该化合物于王水反应而得.英文Rhodium的希腊语意为\"玫瑰\"。\n铑是坚硬的银白色过渡金属，耐腐蚀，可在铂矿发现，十分稀有，亦在一些铂合金中用作催化剂。',135,'#0A7D8C','https://zh.wikipedia.org/wiki/%E9%8A%A0'),
	(46,'2017-04-16 20:24:33','2017-04-19 00:14:22','Pd',1,'Pd','钯','Palladium','','',0,'钯[2]是一种化学元素，化学符号为Pd，原子序数46。钯的拉丁名称Palladium是以小行星智神星来命名的，另一种以小行星来命名的元素是铈。\n钯是一种罕见的、有光泽的银白色金属，钯与铂、铑、钌、铱、锇形成一组铂族金属的元素家族。铂族金属化学性质相似，但钯的熔点最低，是这些贵金属中密度最低的一种。\n在实验室里，经常把一氧化碳通入稀氯化钯溶液中来制取钯：\n{\\displaystyle PdCl_{2}+CO+H_{2}O=Pd\\downarrow +CO_{2}\\uparrow +2HCl(aq)} PdCl_{2}+CO+H_{2}O=Pd\\downarrow +CO_{2}\\uparrow +2HCl(aq)\n钯是一种过渡金属，性质像铂，可在铜及镍的矿石中提炼。它主要用作工业上的催化剂（钯催化偶联反应）、内燃机车辆的触媒转换器及白金首饰，另外，它可以吸收比自身体积大900倍的氢气。',140,'#006985','https://zh.wikipedia.org/wiki/%E9%88%80'),
	(47,'2017-04-16 20:24:38','2017-04-19 00:14:29','Ag',1,'Ag','银','Silver','','',0,'银（英语：silver）是一种化学元素，化学符号Ag（来自拉丁语：argentum）[1]，原子序数47。银是一种柔软有白色光泽的过渡金属，在所有金属中导电率、导热率和反射率最高。银在自然界中的存在方式有纯净的游离态单质（自然银），与金等其他金属的合金，还有含银矿石（如辉银矿和角银矿）。大部分银都是精炼铜、金、铅和锌的副产品。\n银不易受化学药品腐蚀，长久以来被视为贵金属。银比金来源更丰富，在现代以前的货币体系中作为硬币使用，有时甚至和金一道使用。除了货币之外，银的用途还有太阳能电池板、净水器、珠宝和装饰品、高价餐具和器皿（银器），银币和银条还可用于投资。银在工业上用于电接点和导体、特制镜子、窗膜和化学反应的催化剂。银的化合物用于胶片和X光。稀硝酸银溶液等银化合物会产生微动力效应，可以消毒和消灭微生物，用于绷带、伤口敷料、导管等医疗器械。',160,'#C0C0C0','https://zh.wikipedia.org/wiki/%E9%8A%80'),
	(48,'2017-04-16 20:24:43','2017-04-19 00:14:31','Cd',1,'Cd','镉','Cadmium','','',0,'镉gé是性质柔软的蓝白色有毒过渡金属，化学符号为Cd，原子序数为是48。镉能在锌矿找到。镉和锌均可用作电池材料。镉可制作镍镉电池、用于塑胶制造和金属电镀，生产颜料、油漆、染料、印刷油墨等中某些黄色颜料、制作车胎、某些发光电子组件和核子反应堆原件。[1][2]',155,'#FFD98F','https://zh.wikipedia.org/wiki/%E9%8E%98'),
	(49,'2017-04-16 20:24:57','2017-04-19 00:14:44','In',1,'In','铟','Indium','','',0,'铟是化学元素，化学符号是In，原子序数是49，是柔软的银灰色金属，带有光泽。\n铟-115是最常见的铟同位素，带有微弱的放射性。\n铟可用作低熔点合金、半导体、整流器、热敏电阻等。含24%铟及76%镓的合金，在室温下是液体。\n中国拥有世界上最大的铟储量，也是全球最大的铟生产国和出口国，产量占世界铟总产量的30％以上。2006年，中国精铟产量近300吨，原生铟供应量占全球的60％以上。日本是世界上最大的铟消费国，每年铟需求量占世界铟年产量的70%以上，绝大部分从中国进口。',155,'#A67573','https://zh.wikipedia.org/wiki/%E9%8A%A6'),
	(50,'2017-04-16 20:25:02','2017-04-19 00:14:52','Sn',1,'Sn','锡','Tin','','',0,'锡是一种化学元素，其化学符号是Sn（拉丁语Stannum的缩写），它的原子序数是50。它是一种主族金属。纯的锡有银灰色的金属光泽，它拥有良好的伸展性能，它在空气中不易氧化，它的多种合金有防腐蚀的性能，因此它常被用来作为其它金属的防腐层。锡的主要来源是它的一种氧化物矿物锡石（SnO2），盛产于中国云南、马来西亚等地。',145,'#668080','https://zh.wikipedia.org/wiki/%E9%8C%AB'),
	(51,'2017-04-16 20:25:06','2017-04-19 00:14:58','Sb',1,'Sb','锑','Antimony','','',0,'锑（拉丁语：Stibium，化学符号：Sb，普通话读音为tī，中华民国国语读音为ㄊㄧˋ）[2][3]是化学元素，原子序数为51。它是一种有金属光泽的类金属，在自然界中主要存在于硫化物矿物辉锑矿（Sb2S3）中。目前已知锑化合物在古代就用作化妆品，[4]金属锑在古代也有记载，但那时却被误认为是铅。大约17世纪时，人们知道了锑是一种化学元素。[5]\n几十年以来，中国已成为世界上最大的锑及其化合物生产国，而其中大部分又都产自湖南省冷水江市的锡矿山。[6]锑的工业制法是先焙烧，再用碳在高温下还原，或者是直接用金属铁还原辉锑矿。[7]\n金属锑最大的用途是与铅和锡制作合金，以及铅酸电池中所用的铅锑合金板。锑与铅和锡制成合金可用来提升焊接材料、子弹及轴承的性能。[8]锑化合物是用途广泛的含氯及含溴阻燃剂的重要添加剂。锑在新兴的微电子技术中也有着它的用途。[9]',145,'#9E63B5','https://zh.wikipedia.org/wiki/%E9%8A%BB'),
	(52,'2017-04-16 20:25:14','2017-04-19 00:15:04','Te',1,'Te','碲','Tellurium','','',0,'碲是化学元素，化学符号是Te，原子序数是52，是银白色的类金属。\n碲的化学性质与硒及硫类似。主要用作合金及半导体。碲化铋用作热电装置中。\n碲-128及碲-130是最常见的碲同位素，但它们都有微弱的放射性。\n碲是制造碲化镉太阳能薄膜电池的主要原料。\n碲矿资源分布稀散，多伴生在其它矿物中或以杂质形式存在于其它矿中。中国四川石棉县大水沟碲矿是至今发现的唯一碲独立矿床[3]。',140,'#D47A00','https://zh.wikipedia.org/wiki/%E7%A2%B2'),
	(53,'2017-04-16 20:25:41','2017-04-19 00:15:12','I',1,'I','碘','Iodine','','',0,'碘是卤族化学元素，化学符号是I，原子序数是53。',140,'#940094','https://zh.wikipedia.org/wiki/%E7%A2%98'),
	(54,'2017-04-16 20:25:49','2017-04-19 00:15:13','Xe',1,'Xe','氙','Xenon','','',0,'氙（汉语拼音：xiān；旧译作氠[6]、氥[7]）是一种化学元素，化学符号为Xe，原子序为54。氙是一种无色、无味的稀有气体。地球大气层中含有痕量的氙。 [9]虽然氙的化学活性很低，但是它仍然能够进行化学反应，例如形成六氟合铂酸氙──首个被合成的稀有气体化合物。[10][11][12]\n自然产生的氙由8种稳定同位素组成。氙还有40多种能够进行放射性衰变的不稳定同位素。氙同位素的相对比例对研究太阳系早期历史有重要的作用。[13]具放射性的氙-135是核反应堆中最重要的中子吸收剂，可通过碘-135的核裂变产生。[14]\n氙可用在闪光灯[15]和弧灯中，[16]或作全身麻醉药。[17]最早的准分子激光设计以氙的二聚体分子（Xe2）作为激光介质，[18]而早期激光设计亦用氙闪光灯作激光抽运。[19]氙还可以用来寻找大质量弱相互作用粒子[20]，或作航天器离子推力器的推进剂。[21]',108,'#429EB0','https://zh.wikipedia.org/wiki/%E6%B0%99'),
	(55,'2017-04-16 20:26:06','2017-04-19 00:15:30','Cs',1,'Cs','铯','Caesium','','',0,'铯（Caesium或Cesium，旧译作鏭）是一种化学元素，化学符号为Cs，原子序为55。铯属于碱金属，带银金色。\n铯色白质软，熔点低，28.44 ℃时即会熔化。它是在室温或者接近室温的条件下为液体的五种金属元素之一[注 1]。铯的物理和化学性质与同为碱金属的铷和钾相似。该金属极度活泼，并且能够自燃。它是具有稳定同位素的元素中电负性最低的，其稳定同位素为铯-133。铯通常是从铯榴石中提取出来的，而其放射性同位素，尤其是铯-137，是更重元素的衰变产物，可从核反应堆产生的废料中提取。\n1860年，两位德国化学家罗伯特·威廉·本生和古斯塔夫·基尔霍夫通过刚刚研究出来的焰色反应发现铯，并以拉丁文“coesius”（意为天蓝色）作为新元素的名称。铯最早的小规模应用是作为真空管以及光电池的吸收剂。1967年，国际单位制中的秒开始以铯-133的发射光谱中一个特殊的频率作为定义。自此之后，铯广泛地用于原子钟。二十世纪九十年代以来，用于钻井液的甲酸铯成为铯元素的最大应用。该元素在化工业以及电子产业等有重要用途。其放射性同位素铯-137的半衰期大约为30年，可以用于医学、工业测量仪器以及水文学。虽然铯仅有轻微的毒性，但其金属却是一种有害的材料；若其放射性同位素释放到了环境中，将对健康造成较大的威胁。',260,'#57178F','https://zh.wikipedia.org/wiki/%E9%8A%AB'),
	(56,'2017-04-16 20:26:23','2017-04-19 00:15:41','Ba',1,'Ba','钡','Barium','','',0,'钡(Barium)是化学元素周期表中的元素，它的原子序数是56，化学符号是Ba。它是周期表中2A族的第五个元素，是一种柔软的有银白色金属光泽的碱土金属。由于它的化学性质十分活泼，从来没有在自然界中发现钡单质。\n钡在自然界中最常见的矿物是重晶石(硫酸钡，BaSO4)和毒重石(碳酸钡，BaCO3)，二者皆不容于水。钡的名称源于希腊文单词βαρύς (barys)，意为“重的”。 它在1774年被确认为一个新元素，但直到1808年电解法发明不久后才被归纳为金属元素。\n钡在工业上只有少量应用。过去曾用它作为真空管中的吸气剂。它是YBCO（一种高温超导体）和电瓷的成分之一，也可以被添加进钢中来减少金属构成中碳颗粒的数量。钡的化合物用于制造烟火中的绿色。硫酸钡作为一种不溶的重添加剂被加进钻井液中，而在医学上则作为一种X光造影剂。可溶性钡盐因为会电离出钡离子所以有毒，因此也被用做老鼠药。',215,'#00C900','https://zh.wikipedia.org/wiki/%E9%8B%87'),
	(57,'2017-04-16 20:26:41','2017-04-19 00:15:48','La',1,'La','镧','Lanthanum','','',0,'镧是化学元素，化学符号是La，原子序数是57，属于镧系元素，为稀土金属中最活泼的金属，在空气中很容易氧化。镧在独居石矿中约占稀土总量的25%。银白色的软金属，有延展性。能与水作用。易溶于稀酸。在空气中易氧化；加热能燃烧，生成氧化物和氮化物。在氢气中加热生成氢化物。它是稀土元素中第二个最丰富的元素，常与其他稀土元素一起存在于独居石中、氟碳锶镧矿中。它是铀、钍或钚裂变的放射性产物之一。它能赋予玻璃特殊的折光性能，使玻璃具有较高的折射率。 镧的制备一般由水合氯化镧经脱水后，用金属钙还原，或由无水氯化镧经熔融后电解而制得。常用来制造昂贵的照相机镜头。138La是放射性的，半衰期为1.1×1011年，曾被试用来治疗癌症。\n氧化镧可用于制造玻璃；六硼化镧可用以制造电子管的阴极材料；金属镧用于氧化物金属热还原法制备钐、铕及镱。',195,'#70D4FF','https://zh.wikipedia.org/wiki/%E9%91%AD'),
	(58,'2017-04-16 20:26:49','2017-04-19 00:15:55','Ce',1,'Ce','铈','Cerium','','',0,'铈是一种化学元素，它的化学符号是Ce，它的原子序数是58，属于镧系元素，也是稀土元素之一。灰色软金属。在独居石中占稀土总量的40%以上。\n化学性质活泼，在空气中用刀刮即着火，溶于酸，不溶于碱。\n铈的拉丁名称Cerium是以小行星谷神星来命名的，另一种以小行星来命名的元素是钯。',185,'#FFFFC7','https://zh.wikipedia.org/wiki/%E9%88%B0'),
	(59,'2017-04-16 20:27:03','2017-04-19 00:16:01','Pr',1,'Pr','镨','Praseodymium','','',0,'镨是一种化学元素，它的化学符号是Pr，它的原子序数是59，属于镧系元素，也是稀土元素之一。',185,'#D9FFC7','https://zh.wikipedia.org/wiki/%E9%90%A0'),
	(60,'2017-04-16 20:27:07','2017-04-19 00:16:08','Nd',1,'Nd','钕','Neodymium','','',0,'钕（旧译作釢[2]、鋖）是化学元素，化学符号是Nd，原子序数是60，属于镧系元素(稀土元素)。1885年由冯·韦尔塞巴赫发现。银白色金属，较活泼，室温下在空气中缓慢氧化，能与水和酸作用放出氢。有顺磁性。存在于独居石中，由含水氯化钕经脱水后用金属钙还原，或由无水氯化钕经熔融后电解而制得。用于制造特种合金、电子仪器和光学玻璃。在制造激光器材方面，有着重要的应用。',185,'#C7FFC7','https://zh.wikipedia.org/wiki/%E9%87%B9'),
	(61,'2017-04-16 20:27:11','2017-04-19 00:16:14','Pm',1,'Pm','钷','Promethium','','',0,'钷(Promethium)为一化学元素，化学符号为Pm，原子序61，属于镧系元素与稀土元素，它所有同位素皆带有放射性，半衰期最长只有17.7年，故常以人工合成的方法制得。 在原子序82号(铅)以前只有两个元素没有稳定的同位素，其中一个即为钷，另一个是锝。在化学上，钷是一种镧系元素，会与其他元素形成盐类。钷会以+3氧化态形成稳定的盐，但是也有少数化合物中存在+2的钷。\n在1902年时，布劳纳预测在当时已知的钕（60）和钐（62）之间存在一个与它们性质相似的未知元素。1914年，亨利·莫塞莱利用原子序与原子核电荷之间的关系（莫塞莱定律），确认当时还未知的61号元素确实存在。不过他测定当时所有已知元素的原子序，却发现没有任何元素的原子序是61。\n1926年，两个意大利佛罗伦萨的化学家声称他们发现了第61号元素，将其命名为Florentium（中文译作鉘）；同年，一批美国伊利诺伊大学的化学家亦宣布61号元素的发现，将其命名为Illinium（中文译作鉯），但这两个发现都被证实是错误的。[2] [3] 1938年，俄亥俄州立大学在进行核试验的过程中，产生了一些放射性元素，且已确定不是钕或钐的放射性同位素。但此发现因缺乏化学证据证明那是61号元素，所以并没有得到普遍的认可。1945年，美国橡树岭国家实验室利用离子交换层析法（IEC）分析石墨核子反应堆中的铀（235U）衰变产物，才真正发现并确认钷的存在。发现者原本打算以研究机构的名称将之命名为Clintonium（源自橡树岭国家实验室的前身克林顿实验室[The Clinton Engineer Works]），但之后提出的名称为“Prometheum”（现改变为Promethium），来自普罗米修斯（祂在希腊神话中谁偷走了火，从奥林匹斯山带给人类），以象征“大胆”以及“人类才智的滥用”。第一件钷的金属样本于1963年被制造出来。\n\n自然钷有两个可能的来源：铕-151衰变（产生钷-147，和铀（产生各种同位素）。实际应用方面，虽然钷-145是最稳定的钷同位素，但只有钷-147的化合物有实际运用，用于夜光漆，核电池和厚度测量装置。钷在自然界非常稀有，制作钷常用的方法是用热中子轰击铀-235（浓缩铀）来产生钷-147。',185,'#A3FFC7','https://zh.wikipedia.org/wiki/%E9%89%95'),
	(62,'2017-04-16 20:27:41','2017-04-19 00:16:20','Sm',1,'Sm','钐','Samarium','','',0,'钐是一个化学符号为Sm和原子序数为 62的化学元素。这是一个中等硬度的银白色金属，在空气中容易氧化。作为一个典型的部件的镧系元素系列，钐通常假定的氧化态+3。钐（II）的化合物，也是最常见的是SmO（氧化钐（II）），SmS，SmSe 和 SmTe。最后一个化合物在化学合成是一种常见的还原剂。钐没有显著的生物学作用，只有轻微毒性。\n钐于1879年由法国的化学家Paul Émile Lecoq de Boisbaudran发现，并以它所分离而来的矿物samarskite命名。此矿物早期命名为一名俄罗斯矿官员，上校Vasili Samarsky-Bykhovets，虽然是间接的，他成为第一个以自己名字命名一种化学元素的人。钐虽然归类为一个稀土元素但在地壳中是第40最丰富的元素，比锡等金属还要常见。钐在多种矿物质中组成比例高达2.8％，包括硅藻土，硅铍钇矿，samarskite，独居石和氟碳铈矿，最后两个是最常见的商业元素来源。这些矿物质主要分布在中国，美国，巴西，印度，斯里兰卡，澳大利亚，中国钐开采及生产是目前世界领先的。\n钐主要的商业应用为钐钴磁铁,其具有仅次于钕磁铁的永久磁化，钐化合物可以承受700℃以上的显著高温，而不会失去其磁性，钐153放射性的同位素药物的重要组成成分为钐-153lexidronam（Quadramet），可以杀死癌细胞，例如肺癌，前列腺癌，乳腺癌，骨肉瘤。另一种同位素钐-149，是一种强的中子吸收剂，可添加到核反应堆的控制棒。在反应器操作过程中它也形成一个衰变产物，是反应器的设计和操作中的一个重要的考虑因素。钐的其他应用包括催化的化学反应，放射性年代测定和X射线激光。',185,'#8FFFC7','https://zh.wikipedia.org/wiki/%E9%87%A4'),
	(63,'2017-04-16 20:27:46','2017-04-19 00:16:27','Eu',1,'Eu','铕','Europium','','',0,'铕（Europium）是一种化学元素，符号为Eu，原子序为63。元素以欧洲（Europe）命名。铕是一种较坚硬的银白色金属，在空气和水中容易氧化。它属于典型的镧系元素，氧化态通常为+3，但其+2态也并不鲜见。所有氧化态为+2的铕化合物都具有轻微的还原性。铕在生物体中没有重要的功用，和其他重金属相比毒性较低。铕的大部分应用都采用了其化合物的磷光特性，例如电视机的磷光体以及欧罗纸币的防伪磷光体等。',185,'#61FFC7','https://zh.wikipedia.org/wiki/%E9%8A%AA'),
	(64,'2017-04-16 20:28:11','2017-04-19 00:16:32','Gd',1,'Gd','钆','Gadolinium','','',0,'钆gá（旧译錷）符号Gd，元素之一，原子序64，属于镧系元素，也是稀土元素之一[1]。钆具有铁磁性，居里点约在室温（19℃，66℉），即将一块钆放入冰水中冷却会吸附磁铁，但回温后钆会脱离磁铁掉落。\n钆在干燥的空气中，比其它稀土元素稳定。钆会与水有缓和的反应，并会溶于稀酸中。',180,'#45FFC7','https://zh.wikipedia.org/wiki/%E9%87%93'),
	(65,'2017-04-16 20:28:13','2017-04-19 00:16:38','Tb',1,'Tb','铽','Terbium','','',0,'铽（Terbium）符号Tb，为镧系元素，原子序65，是银白色的稀土金属，具有延展性、韧性且硬度高。铽在自然界中不存在纯元素态，但它含于许多矿物中，包括铈硅石、硅铍钇矿、独居石 、磷钇矿和黑稀金矿。就像其他的镧系元素一样，它在空气中相对稳定。铽拥有两种晶型的同素异形体，转化温度为1289°C。',175,'#30FFC7','https://zh.wikipedia.org/wiki/%E9%8B%B1'),
	(66,'2017-04-16 20:28:15','2017-04-19 00:16:48','Dy',1,'Dy','镝','Dysprosium','','',0,'镝dī是一种化学元素，符号为Dy，原子序为66。镝属于稀土元素，其外观具银色金属光泽。镝在大自然中不以单质出现，而是包含在多种矿物之中，例如磷钇矿。自然形成的镝由7种同位素组成，其中丰度最高的是164Dy。\n1886年保罗·埃米尔·勒科克·德布瓦博德兰首次辨认出镝元素，但要直到1950年代离子交换技术的发展后，才有纯态的镝金属被分离出来。由于其热中子吸收截面很高，所以在核反应堆中被用作控制棒；其磁化率亦很高，所以可用于数据储存技术上，以及做Terfenol-D材料的成分。可溶镝盐具有微毒性，不可溶镝盐则无毒。',175,'#1FFFC7','https://zh.wikipedia.org/wiki/%E9%8F%91'),
	(67,'2017-04-16 20:28:17','2017-04-19 00:16:54','Ho',1,'Ho','钬','Holmium','','',0,'钬（旧译作錵）是一种化学元素，它的化学符号是Ho，它的原子序数是67，属于镧系元素，也是稀土元素之一。钬在常温常压下是固体。 1878年为索里特（J.L.Soret）发现；1879年又被克利夫（P.T.Cleve）发现。第一电离能6.02电子伏特。有金属光泽。与水能缓慢起作用，溶于稀酸。盐类是黄色。氧化物Ho2O2为淡绿色。溶于矿物酸而产生三价离子黄色盐。由氟化钬HoF3·2H2O用钙还原而制得。它和镝一样，是一种能够吸收核分裂所产生的中子的金属。在核子反应炉中，一方面不断燃烧，一方面控制连锁反应的速度。',175,'#00FF9C','https://zh.wikipedia.org/wiki/%E9%88%A5'),
	(68,'2017-04-16 20:28:20','2017-04-19 00:17:00','Er',1,'Er','铒','Erbium','','',0,'铒是一种化学元素，它的化学符号是Er，它的原子序数是68，属于镧系元素，也是稀土元素之一。\n1843年，由莫桑德尔（C.G.Mosander）发现。他原来将铒的氧化物命名为氧化铽，因此，早期德文文献中，氧化铽和氧化铒是混同的。直到1860年以后，才得纠正。\n第一电离能6.10电子伏特。与钬、镝的化学性质和物理性质几乎完全相同。银灰色金属，质软，不溶于水，溶于酸。盐类和氧化物呈粉红至红色。铒的同位素有：162Er、164Er、166Er、167Er、168Er、170Er。\n存在于火成岩中。可由电解熔融氯化铒ErCl3而制得。\n氧化物Er2O3为玫瑰红色，用来制造陶器的釉彩。',175,'#00E675','https://zh.wikipedia.org/wiki/%E9%89%BA'),
	(69,'2017-04-16 20:28:22','2017-04-19 00:17:06','Tm',1,'Tm','铥','Thulium','','',0,'铥是一种化学元素，符号Tm，原子序数69，是一种金属。铥是第二稀少的镧系元素（仅次于钷，后者仅痕量存在于地球上），是一种质软、容易加工的金属，具有明亮的银灰色光泽，在空气中缓慢氧化而失去光泽。铥价格昂贵且相当稀有，通常被用于在便携式透视设备和固态激光器作为辐射源。 1879年，瑞典化学家佩尔·提奥多·克勒夫从稀土元素铒的氧化物中分离出了两种从前未知的元素的氧化物，后来被确认分别为钬和铥的氧化物。纯净的铥化合物直到1911年才获得。 和其他镧系元素一样，铥最常见的氧化态是+3，出现于其氧化物、卤化物和其他化合物中。在水溶液中，铥化合物通常与九个水分子结合。铥元素对于生物而言没有已知的作用，也没有显著的毒性。',175,'#00D452','https://zh.wikipedia.org/wiki/%E9%8A%A9'),
	(70,'2017-04-16 20:28:24','2017-04-19 00:17:13','Yb',1,'Yb','镱','Ytterbium','','',0,'镱是一种化学元素，符号为Yb，原子序为70。它属于稀土元素，是镧系金属的最后一员，也是f区块的最后一个元素。由于位于f区块中，所以镱的+2氧化态相对稳定。但和其他镧系元素一样，其最常见的氧化态为+3，这包括镱的氧化物、卤化物等化合物。在水溶液中，可溶镱化合物会和9个水分子形成配合物，这与其他较后的镧系元素相似。镱具有闭壳层电子排布，所以它的熔点和沸点都和其他镧系元素不同，特别是拥有比邻近元素较低的密度、熔点和沸点。\n1878年，瑞士化学家让-夏尔·加利萨·德马里尼亚从一种称为“Erbia”的稀土物质中分离出新的成分，并以矿物的发现地瑞典伊特比村将该成分命名为“Ytterbia”。他猜测Ytterbia是某新元素的化合物，因此又把该元素命名为“Ytterbium”，即镱元素。1907年，乔治·于尔班、卡尔·奥尔·冯·威尔士巴赫和查尔斯·詹姆士分别从德马里尼亚的镱样本中提取出了又一新元素，即镥。经过不少的讨论之后，科学界决定保留原名镱，并舍弃了威尔士巴赫所建议的“Aldebaranium”。1953年，科学家才制得纯度较高的镱金属样本。今天镱被用在不锈钢和激光活性媒质中作掺杂剂，以及用作伽马射线源。\n自然形成的镱由7种稳定同位素组成，其总丰度为百万分之3。镱存在于独居石、黑稀金矿和磷钇矿中，在中国、美国、巴西和印度开采。它一般和其他稀土元素一同出现，且含量非常低。由于分离过程的困难，镱并没有太多的商业用途。镱可以作钇铝石榴石激光的掺杂剂，三氯化镱和二碘化镱也可以做各种有机合成反应的试剂。',175,'#00BF38','https://zh.wikipedia.org/wiki/%E9%90%BF'),
	(71,'2017-04-16 20:28:41','2017-04-19 00:17:14','Lu',1,'Lu','镥','Lutetium','','',0,'镥（Lutetium，台湾称鎦，旧译作鏴）是一种化学元素，符号为Lu，原子序为71。镥是一种银白色金属，在干燥空气中能抵抗腐蚀。镥是最后一个镧系元素，有时也算作第六周期首个过渡金属，一般归为稀土元素。\n法国科学家乔治·于尔班（Georges Urbain）、奥地利矿物学家卡尔·奥尔·冯·威尔士巴赫（Carl Auer von Welsbach）男爵以及美国化学家查尔斯·詹姆士（Charles James）于1907年分别独自发现了镥元素。他们都是在氧化镱矿物中，发现了含有镥的杂质。发现者随即争论谁最早发现镥，不同的命名方案也引起了争议。最终定下的名称是“Lutecium”，取自巴黎的拉丁文名卢泰西亚（Lutetia），后拼法改为“Lutetium”。\n镥在地球地壳中的含量并不高，但仍比银要常见得多。镥-176是一种较常见的放射性同位素（占所有镥的2.5%），半衰期约为380亿年，可用于测量陨石的年龄。镥一般与钇一同出现，可作合金材料，以及为某些化学反应作催化剂。177Lu-DOTA-TATE可用于放射线疗法，治疗神经内分泌肿瘤。',175,'#00AB24','https://zh.wikipedia.org/wiki/%E9%8E%A6'),
	(72,'2017-04-16 20:28:48','2017-04-19 00:17:30','Hf',1,'Hf','铪','Hafnium','','',0,'铪（拼音：hā，注音：ㄏㄚ，音同“哈”），是一种化学元素，它的化学符号是Hf，它的原子序数是72，原子量178.49，属周期系ⅣB族。它是一种带光泽的银灰色的过渡金属，熔点2233℃，沸点4602℃，密度13.31克/厘米3。致密的金属铪性质不活泼，表面形成氧化物覆盖层，在常温下很稳定，粉末状的铪容易在空气中自燃。铪吸收氢气的能力很强，最高可形成HfH2.1。高温下，铪能与氮发生反应。由于受镧系收缩的影响，铪的原子半径几乎和锆相等，因此铪与锆的性质极为相似，很难分离，最主要分别是铪的密度是锆的双倍。铪不与稀盐酸、稀硫酸和强碱溶液作用，但可溶于氢氟酸和王水。铪的氧化态是＋2、＋3、＋4，其中＋4价化合物最稳定。',155,'#4DC2FF','https://zh.wikipedia.org/wiki/%E9%89%BF'),
	(73,'2017-04-16 20:28:53','2017-04-19 00:17:40','Ta',1,'Ta','钽','Tantalum','','',0,'钽（Tantalum，旧译作鐽[3]）是一种化学元素，符号为Ta，原子序为73。其名称“Tantalum”取自希腊神话中的坦塔洛斯。[4]钽是一种坚硬蓝灰色的稀有过渡金属，抗腐蚀能力极强。钽属于难熔金属，常作为合金的次要成分。钽的化学活性低，适宜代替铂作实验器材的材料。目前钽的最主要应用为钽电容，在手提电话、DVD播放机、电子游戏机和电脑等电子器材中都有用到。钽在自然中一定与化学性质相近的铌一齐出现，一般在钽铁矿、铌铁矿和钶钽铁矿中可以找到。',145,'#4DA6FF','https://zh.wikipedia.org/wiki/%E9%89%AD'),
	(74,'2017-04-16 20:29:02','2017-04-19 00:17:46','W',1,'W','钨','Tungsten','','',0,'钨（IUPAC名：tungsten[3] ），化学符号：W（德语：Wolfram）， 是一种化学元素，原子序数是74，是非常硬、钢灰色至白色的过渡金属。含有钨的矿物有黑钨矿和白钨矿等。钨的物理特征非常强，尤其是熔点非常高，是所有非合金金属中最高的。纯钨主要用在电器和电子设备，它的许多化合物和合金也有很多其它用途（最常见的有灯泡的钨丝，在X射线管中以及高温合金）。\n钨的最稳定的三种同位素都有轻微的放射性。',135,'#2194D6','https://zh.wikipedia.org/wiki/%E9%8E%A2'),
	(75,'2017-04-16 20:29:10','2017-04-19 00:17:52','Re',1,'Re','铼','Rhenium','','',0,'铼是一种化学元素，符号为Re，原子序为75。铼是种银白色的重金属，在元素周期表中属于第6周期过渡金属。它是地球地壳中最稀有的元素之一，平均含量估值为十亿分之一，同时也是熔点和沸点最高的元素之一。铼是钼和铜提炼过程的副产品。其化学性质与锰和锝相似，在化合物中的氧化态最低可达−3，最高可达+7。\n科学家在1925年发现了铼元素，因此它成为了最后被发现的稳定元素。其名称（Rhenium）取自欧洲的莱茵河。\n镍铼高温合金可用于制造喷气发动机的燃烧室、涡轮叶片及排气喷嘴。这些合金最多含有6%的铼，这是铼最大的实际应用，其次就是作为化工产业中的催化剂。铼比钻石更难取得，所以价格高昂，2011年8月平均每公斤售4,575美元（每金衡盎司142.30美元）。由于铼可应用在高效能喷射引擎及火箭引擎，所以在军事战略上十分重要。[2]',135,'#267DAB','https://zh.wikipedia.org/wiki/%E9%8C%B8'),
	(76,'2017-04-16 20:29:20','2017-04-19 00:17:57','Os',1,'Os','锇','Osmium','','',0,'锇（Osmium，旧译作銤[2]、鐭）是一种化学元素，符号为Os，原子序为76。锇金属坚硬、易碎，呈蓝白色。锇属于铂系过渡金属，是自然界中密度最高的元素，密度有22.59 g/cm3。锇一般以痕量存在于自然中，大部分在铂矿藏的合金当中。锇与铂、铱及其他铂系元素形成的合金具有超强的耐用性和硬度，能用于制造钢笔笔头和电触头等。[3]',130,'#266696','https://zh.wikipedia.org/wiki/%E9%8B%A8'),
	(77,'2017-04-16 20:29:24','2017-04-19 00:18:05','Ir',1,'Ir','铱','Iridium','','',0,'铱是一种化学元素，符号为Ir，原子序为77，属于铂系过渡金属，为质地坚硬易碎的银白色固体。铱是所有元素中密度第二高的元素（仅次于锇），而其耐腐蚀性是所有金属元素中最高的，在2000℃高温下仍然能抵抗腐蚀。虽然固态铱只能被少数熔融盐和卤素侵蚀，但是铱粉末则相比之下较容易发生化学反应，可以燃烧。\n1803年，史密森·特南特在自然铂矿石的不可溶杂质中发现了铱元素。由于该元素的盐有众多鲜艳的颜色，所以他根据希腊神话中的彩虹女神伊里斯（Iris）把这一新元素命名为“Iridium”。铱是地球地壳中最稀有的元素之一。其全球年产量及年消耗量只有三吨。自然存在的铱有191Ir和193Ir两种同位素，后者的丰度较高。铱的其他同位素都是不稳定同位素。\n最有实用价值的铱化合物包括它与氯所产生的盐和酸。铱还可以形成多种有机金属化合物，用于工业催化反应和科学研究当中。铱金属可用作高耐蚀性高温工具的材料，用于制造火花塞、高温半导体再结晶过程所用的坩埚以及氯碱法所用的电极等等。一些放射性同位素热电机也有用到铱的放射性同位素。\n一些陨石的含铱量比地壳的平均铱含量高出许多。K-T界线（白垩纪﹣第三纪界线）黏土层上的铱含量异常高，因此科学家提出了有关6600万年前大型天体撞击地球导致恐龙等许多物种灭绝的假说，这一灭绝事件称为白垩纪－第三纪灭绝事件。根据估算，地球中铱的总含量应比地壳中的铱含量要高很多。但与其他铂系金属一样，铱具有高密度，且容易与铁结合，因此在地球形成后不久、仍处于熔融状态时，大部分铱都已沉到地底深处。',135,'#175487','https://zh.wikipedia.org/wiki/%E9%8A%A5'),
	(78,'2017-04-16 20:29:28','2017-04-19 00:18:13','Pt',1,'Pt','铂','Platinum','','',0,'铂（Platinum）是一种化学元素，俗称白金。其化学符号为Pt，原子序为78。铂是一种密度高、延展性高、反应性低的灰白色贵金属，属于过渡金属。\n铂同属于铂系元素和10族元素。它共有六种自然产生的同位素。铂是地球地壳中最罕见的元素之一，平均丰度大约为5 μg/kg。它一般出现在某些镍和铜矿石中，位于原生元素矿藏，主要分布在南非，因此当地的铂产量占全球的80%。铂的年产量只有几百吨，应用亦十分重要，因此铂是一种非常贵重的物质和主要的贵金属贸易商品。\n铂是反应性最低的金属之一。即便在高温下，它也有极强的抗腐蚀性，因此属于抗腐蚀金属。在自然中，铂有时以纯金属状态出现，不与其他元素结合。铂自然出现在河流的冲积层中，所以前哥伦布时期的南美原住民最早用铂制造工艺品。欧洲早在16世纪就有记载铂的使用；1748年，安东尼奥·乌略亚发表了一篇报告，描述来自哥伦比亚的一种新金属，这时科学家才开始研究铂元素。\n铂的应用包括：催化转换器、实验室器材、电触头和电极、电阻温度计、牙科器材及首饰等。由于铂是一种重金属，它的盐会对健康造成危害；但铂的抗腐蚀性强，所以其毒性比一些其他金属较低。[2]一些含铂化合物，特别是顺铂，可用于化学疗法以治疗某些癌症。[3]',135,'#D0D0E0','https://zh.wikipedia.org/wiki/%E9%89%91'),
	(79,'2017-04-16 20:29:57','2017-04-19 00:18:24','Au',1,'Au','金','Gold','','',0,'金（英语：gold）是化学元素，化学符号Au（来自拉丁语：aurum），原子序数79。纯金是有明亮光泽、黄中带红、柔软、密度高、有延展性的金属。金在元素周期表中在11族，属过渡金属，是化学性质最不活泼的几种元素之一。金在标准状况下是固体，在自然界中常以游离态单质形式（自然金）存在，如岩石、地下矿脉及冲积层中堆积的砂金或金粒。金能和游离态的银形成固溶体琥珀金，在自然界中也能和铜、钯形成合金。矿物中的金化合物不太常见，主要是碲化金。\n金的原子序数在宇宙中天然存在的元素中是较高的。据信这种重元素是在两颗中子星碰撞时的超新星核合成中产生，[4]在太阳系形成前的尘埃中就已存在。由于地球形成之初还处于熔化状态，早期地球的金几乎都已沉入地核。因此，现在地球上地壳和地幔的金多是拜后来后期重轰炸期（约40亿年前）的小行星撞击事件所赐。\n金能抵抗单一酸的侵蚀，但却能被王水溶解（“王水”因此得名）。这种混合酸能和金反应生成四氯合金酸根离子。金也能溶于碱性氰化物溶液，这是其开采和电镀的原理。能够溶解银及贱金属的硝酸不能溶解金，这些性质是黄金精炼技术的基础，也是用硝酸来鉴别物品里是否含有金的原理，这一方法是英语谚语“acid test”的语源，意指用“测试黄金的标准”来测试目标物是否名副其实。此外，金能溶于水银，形成汞齐（也是一种合金），但这并非化学反应。\n金在有历史记载以前就是一种广受欢迎的贵金属，用于货币、保值物、珠宝和艺术品。以前国内和国际通常实行以金为基础的金本位货币制度，但1930年代时金币已停止流通。到了70年代，随着布雷顿森林协定的结束，世界范围内的金本位制终于让位给法定货币制度。不过因其稀有，易于熔炼、加工和铸币，色泽独特，抗腐蚀，不易和其他物质反应等特点，金的价值不减。\n截至2014年底，人类总共开采了18.36万公吨（相当于9513立方米）的金。[5] 产量中的50%用于珠宝，40%用于投资，还有10%用于工业。[6] 因其高延展性，抗腐蚀性，在大多数反应中的惰性和导电性，金一直在各类电子设备中用作耐腐蚀的电子连接器，这是它的主要工业用途。此外它还用于屏蔽红外线，生产有色玻璃和金箔，以及修补牙齿。有些金盐在医学上仍作为消炎药使用。',135,'#FFD123','https://zh.wikipedia.org/wiki/%E9%87%91'),
	(80,'2017-04-16 20:30:03','2017-04-19 00:18:30','Hg',1,'Hg','汞','Mercury','','',0,'汞是化学元素，俗称水银，亦可写作銾，化学符号Hg，原子序数80，是种密度大、银白色、室温下为液态的过渡金属，为d区元素。常用来制作温度计。在相同条件下，除了汞之外是液体的元素只有溴。铯、镓和铷会在比室温稍高的温度下熔化。汞的凝固点是−38.83 °C（−37.89 °F；234.32 K），沸点是356.73 °C（674.11 °F；629.88 K），汞是所有金属元素中液态温度范围最小的。\n汞在全世界的矿产中都有产出，主要来自朱砂（硫化汞）。摄入或吸入的朱砂粉尘都是剧毒的。汞中毒还能由接触可溶解于水的汞（例如氯化汞和甲基汞）引起，或是，吸入汞蒸气或者食用被汞污染的海产品或吸食入汞化合物引起中毒。\n汞可用于温度计、气压计、压力计、血压计、浮阀、水银开关和其他装置，但是汞的毒性导致汞温度计和血压计在医疗上正被逐步淘汰，取而代之的是酒精填充，镓、铟、锡的合金填充，数码的或者基于电热调节器的温度计和血压计。汞仍被用于科学研究和补牙的汞合金材料。汞也被用于发光。荧光灯中的电流通过汞蒸气产生波长很短的紫外线，紫外线使荧光体发出荧光，从而产生可见光。',150,'#B8B8D0','https://zh.wikipedia.org/wiki/%E6%B1%9E'),
	(81,'2017-04-16 20:30:08','2017-04-19 00:18:36','Tl',1,'Tl','铊','Thallium','','',0,'铊（拼音：tā，注音：ㄊㄚ；英语：thallium）是一种化学元素，符号为Tl，原子序为81。铊是一种质软的灰色贫金属，在自然界中并不以单质存在。铊金属外表和锡相似，但会在空气中失去光泽。两位化学家威廉·克鲁克斯和克洛德-奥古斯特·拉米在1861年独立发现了这一元素。他们都是在硫酸反应残留物中发现了铊，并运用了当时新发明的火焰光谱法对其进行了鉴定，观测到铊会产生明显的绿色谱线。其名称“Thallium”由克鲁克斯提出，来自希腊文中的“θαλλός”（thallos），即“绿芽”之意。翌年，拉米用电解法成功分离出铊金属。\n铊在氧化后，一般拥有+3或+1氧化态，形成离子盐。其中+3态与同样属于硼族的硼、铝、镓和铟相似；但是铊的+1态则比其他同族元素显著得多，而且和碱金属的+1态相近。铊(I)离子在自然界中大部分出现在含钾矿石中。生物细胞的离子泵处理铊(I)离子的方式也和钾(I)类似。\n在商业开采方面，铊是硫化重金属矿提炼过程的副产品之一。总产量的60至70%应用在电子工业，其余则用于制药工业和玻璃产业。[2]铊还被用在红外线探测器中。放射性同位素铊-201（以水溶氯化铊的形态），在核医学扫描中可用作示踪剂，例如用于心脏负荷测试。\n水溶铊盐大部分几乎无味，且都是剧毒物，曾被用作杀鼠剂和杀虫剂以及谋杀工具。这类化合物的使用已经被多国禁止或限制。铊中毒会造成脱发。[3]',190,'#A6544D','https://zh.wikipedia.org/wiki/%E9%89%88'),
	(82,'2017-04-16 20:30:13','2017-04-19 00:18:42','Pb',1,'Pb','铅','Lead','','',0,'铅（拉丁语：Plumbum，化学符号：Pb）[1]为化学元素，原子序数82。铅是柔软和展性强延性不佳的弱金属，有毒，也是重金属。铅原本的颜色为青白色，在空气中表面很快被一层暗灰色的氧化物覆盖。可用于建筑、铅酸充电池、弹头、炮弹、焊接物料、钓鱼用具、渔业用具、防辐射物料、奖杯和部分合金，例如电子焊接用的铅锡合金。',180,'#575961','https://zh.wikipedia.org/wiki/%E9%89%9B'),
	(83,'2017-04-16 20:30:24','2017-04-19 00:18:48','Bi',1,'Bi','铋','Bismuth','','',0,'铋（Bismuth）是一种化学元素，它的化学符号是Bi，它的原子序数是83，是有银白色光泽的金属。\n铋的化学性质与砷及锑类似。铋是最反磁性（又称抗磁性）的金属，亦是除汞以外有最低热导率的金属。铋还拥有最高的霍尔系数 ，它具有较高的电阻 。当铋以级薄的层在物体表面沉积是有半导体的性质，尽管铋是一个后过渡金属。可用于制备易熔合金及与锡融合防止锡疫。\n铋是一种脆性金属，在自然界中，常以单质形式出现。铋晶体的表面有时会呈现出不同颜色的色调，这是由于铋晶体在空气中氧化时形成的氧化层厚度不一，导致不同波长的光受到不同程度的反射，因此呈现出彩虹的颜色。\n以前铋被认为是最重的稳定元素，然而在2003年时发现，铋唯一的天然同位素铋209可经α衰变变为铊-205。[2]其半衰期为1.9*1019年左右，达到宇宙年龄的10亿倍。所以，铅被认为是质量最大的稳定元素。\n与其他重金属不同的是，铋的毒性与铅或锑相比是相对的较低。铋不容易被身体吸收、不致癌、不损害DNA构造、可透过排尿带出体外。基于这些原因，铋经常被用于取代铅的应用上（目前约铋产量的三分之一）。例如用于无铅子弹，无铅焊锡、药物和化妆品上，特别是水杨酸铋，用来治疗腹泻。而铋的化合物的产量约占铋总产量的一半。',160,'#9E4FB5','https://zh.wikipedia.org/wiki/%E9%89%8D'),
	(84,'2017-04-16 20:30:29','2017-04-19 00:18:56','Po',1,'Po','钋','Polonium','','',0,'钋是一种化学元素，它的化学符号是Po，它的原子序数是84，是银白色的金属（有时归为类金属）。\n钋的化学性质与硒及硫类似，但带有放射性。\n钋在1898年由居里夫人及她丈夫皮埃尔·居里发现。钋的拼音名称是居里夫人纪念她的故乡波兰（Polska）而命名。\n沥青铀矿及锡石中有微量钋存在。',190,'#AB5C00','https://zh.wikipedia.org/wiki/%E9%87%99'),
	(85,'2017-04-16 20:30:33','2017-04-19 00:19:02','At',1,'At','砹','Astatine','','',0,'砹（Astatine，台湾、港澳译作砈，旧讹作“鈪”、“銰”）是一种放射性化学元素，符号为At，原子序为85。地球上所有的砹都是更重的元素衰变过程中产生的。其同位素寿命都很短，其中最稳定的是砹-210，半衰期为8.5小时。[4]科学家对这一元素所知甚少。砹在元素周期表中位于碘之下，其许多性质可以从碘推算出来，推算值与砹的已知性质相符。\n人们尚未观测过砹元素的单质，因为所有肉眼能观察到量都会产生大量的放射性热量，使它瞬间气化。它的熔点很可能比碘高很多，与铋和钋相近。砹的化学属性与其他卤素相似：它会与包括其他卤素在内的非金属形成共价化合物，估计能够与碱金属和碱土金属形成砹化物。不过，砹正离子的化学属性则有别于较轻的卤素。寿命第二长的砹-211同位素是唯一一种具有商业应用的砹同位素，目前在医学中用作α粒子射源，以诊断及治疗某些疾病。由于放射性极强，所以砹的使用量非常低。\n伯克利加州大学的戴尔·科尔森（Dale R. Corson）、肯尼斯·罗斯·麦肯西（Kenneth Ross MacKenzie）和埃米利奥·塞格雷在1940年发现了砹元素。由于产物极不稳定，所以他们根据希腊文“αστατος”（astatos，意为“不稳定”）将其命名为“astatine”。三年后，该元素被发现存在于大自然中，是在地壳中丰度最低的非超铀元素，任一时刻的总量不到1克。[5]自然界中的重元素经各种衰变途径一共产生6种砹的同位素，原子量介乎214和219，但最稳定的两种同位素砹-210和砹-211都不存在于自然中。',127,'#754F45','https://zh.wikipedia.org/wiki/%E7%A0%B9'),
	(86,'2017-04-16 20:30:48','2017-04-19 00:19:11','Rn',1,'Rn','氡','Radon','','',0,'氡是一种化学元素，符号为Rn，原子序为86。氡属于稀有气体，无色、无臭、无味，具放射性，[2]是镭自然衰变后的间接产物。其最稳定同位素为222Rn，半衰期为3.8天。在常规条件下，氡是密度最高的气体物质之一。它同时也是唯一一种常规条件下只含放射性同位素的气体，其辐射可以对健康造成损害。由于其放射性很强，所以针对氡的化学研究较为困难，已知化合物也很少。\n钍和铀在地球形成时已经存在。在它们缓慢衰变为铅的过程中，氡会作为衰变链的一部分自然产生。钍和铀的自然同位素半衰期都长达数十亿年，因此这两种元素连同镭、氡等衰变产物，在今后几千万年后的丰度仍将和今天的程度相近。[3]当氡气衰变时，其衰变产物不再是气体，而是固体物质，并且会粘附在各种表面上，例如空气尘粒。如果这种尘粒进入呼吸管道，会附在肺部气道中，增加患上肺癌的机会。[4]\n与所有母同位素不同的是，氡是一种气体，可轻易吸入体内。自然氡气因此是公众所受到的电离辐射的主要来源，也是一般背景辐射的单一最大源头。氡气浓度在不同地点的浓度可以有巨大的差异。虽然寿命较短，但自然氡气能在建筑物中积累到远高于正常的程度，特别是下沉至地下室和地势较低的窄小空间中。一些泉水和温泉也会释放氡气。[5]\n氡是一种重要的室内空气污染物。根据美国国家环境保护局，氡是继吸烟后的最大肺癌成因，每年在美国导致21,000人死亡，其中约2,900人从未吸过烟。根据估计，在非吸烟者群体中，氡是首位肺癌成因。[6]',120,'#428296','https://zh.wikipedia.org/wiki/%E6%B0%A1'),
	(87,'2017-04-16 20:30:52','2017-04-19 00:19:17','Fr',1,'Fr','钫','Francium','','',0,'钫（Francium，或译作鍅）是一种化学元素，符号为Fr，原子序为87。钫是电负性最低的元素之一。钫是一种放射性极高的金属，会衰变成砹、镭和氡。和其他碱金属一样，钫有一颗价电子。\n从来没有人制成过可观量钫金属，但根据元素周期表的规律，钫估计为液态、会反光、呈金属色。不过该元素的制备极为困难，其衰变发热（最稳定同位素的半衰期只有22分钟）会立即气化所制成的钫金属。\n1939年，法国科学家马格利特·佩里发现了钫元素。这是最后一次在自然界中发现元素，而非经过人工合成。[注 1]钫在实验室以外极为罕见，痕量出现在铀和钍矿石中，其中同位素钫-223一直在形成和衰变中。地球地壳中只有20至30克的钫会同时存在。除钫-223和221以外，其他的同位素都是合成的。实验室中产生的最大一批钫元素共有300,000个钫原子。[1]',240,'#420066','https://zh.wikipedia.org/wiki/%E9%8D%85'),
	(88,'2017-04-16 20:31:03','2017-04-19 00:19:33','Ra',1,'Ra','镭','Radium','','',0,'镭（旧译作鈤[注 1]、銧）是一种化学元素，它的化学符号是Ra，它的原子序数是88，是一种银白色的碱土金属，带有放射性，而且价钱很贵，一两要价5,000美金。\n镭在1898年由居里夫人及她丈夫皮埃尔·居里在捷克北波希米亚发现。他们发现铀在衰变后，衰变物仍带放射性。镭的拼音名称Radium即是放射性的意思。\n镭-226为镭的最稳定同位素，半衰期为1600年，进行α-蜕变，放出α射线和γ射线。它衰变时会放出氡气到大气中。氡仍有放射性，且可被生物吸入，危害生命。\n镭能够致癌，但是它也能够治疗癌症。[1]',215,'#007D00','https://zh.wikipedia.org/wiki/%E9%90%B3'),
	(89,'2017-04-16 20:31:11','2017-04-19 00:19:39','Ac',1,'Ac','锕','Actinium','','',0,'锕是一种放射性化学元素，符号为Ac，原子序为89。锕在1899年被发现，是首个得到分离的非原始核素。虽然钋、镭和氡比锕更早被发现，但是科学家到1902年才分离出这些元素。在元素周期表中，锕系元素始于锕，止于铹，一共有15种元素。\n锕是一种柔软的银白色放射性金属。在空气中，锕会迅速与氧气和水汽反应，在表面形成具保护性的白色氧化层。和大部分镧系元素和锕系元素一样，锕的氧化态一般是+3。在自然界中，只有少量的锕出现在铀矿石当中，主要为同位素227Ac，并进行β衰变，半衰期为21.772年。每一吨铀矿石约含0.2毫克的锕元素。由于锕和镧的化学和物理特性过于接近，因此要从矿石中分离出锕元素并不现实。科学家则是在核反应堆中以中子照射镭-226来产生锕的。\n锕因为稀少、昂贵，且具放射性，所以没有大的工业用途。目前锕被用作中子源，以及在放射线疗法中作为辐射源。',195,'#70ABFA','https://zh.wikipedia.org/wiki/%E9%8C%92'),
	(90,'2017-04-16 20:31:16','2017-04-19 00:19:45','Th',1,'Th','钍','Thorium','','',0,'钍（Thorium，钍/tŭ(土)/，旧译作釖、鋀）是原子序数为90的元素，其元素符号为Th，属锕系元素，具有放射性。其拉丁文名称来自北欧神话的雷神索尔（Thor）。\n钍-232会通过吸收慢中子而变成可作核燃料之用的铀-233。钍、铀两种元素是核能发电厂最重要的燃料。',180,'#00BAFF','https://zh.wikipedia.org/wiki/%E9%87%B7'),
	(91,'2017-04-16 20:31:30','2017-04-19 00:19:50','Pa',1,'Pa','镤','Protactinium','','',0,'镤（Protactinium 或 Protoactinium，旧译作鎃）是一种放射性化学元素，化学符号为Pa，原子序为91，属锕系元素。\n镤外观为银灰色，密度大，容易与氧、水蒸汽和无机酸反应，化合价为+5、+4、+3或+2，常用于核能工业。镤在地壳中的平均浓度是通常为兆分之一，但在一些晶质铀矿的矿床可能达到百万分之一，目前镤主要是从废核燃料中提取。\n1913年，镤(234Pa)由卡西米尔·法扬斯和奥斯瓦尔德·格林首次发现，并命名为Brevium。1917年至1918年间，奥托·哈恩和莉泽·迈特纳发现了镤更稳定的同位素231Pa，并命名为为“Proto-actinium(原锕)”。最后在1949年IUPAC命名将其命名为“镤(Protactinium)”，并确认哈恩和麦特纳为发现者。Protactinium源于拉丁文”protos”(意为“原型”)和“actinium”(锕元素)，意义为“锕的父母”，因为镤放射性衰变产物即是锕，是形成锕的基础。\n镤寿命最长且最丰富的（接近100％）为天然的同位素为231Pa(半衰期32760年)，是铀-235的衰变产物。微量的短命核异构体镤234m产生于铀-238衰变链。',180,'#00A1FF','https://zh.wikipedia.org/wiki/%E9%8F%B7'),
	(92,'2017-04-16 20:31:32','2017-04-19 00:19:56','U',1,'U','铀','Uranium','','',0,'铀（Uranium）是一种银白色金属化学元素，属于元素周期表中的锕系，化学符号为U，原子序为92。每个铀原子有92个质子和92个电子，其中6个为价电子。铀具微放射性，其同位素都不稳定，并以铀-238（146个中子）和铀-235（143个中子）最为常见。铀在天然放射性核素中原子量第二高，仅次于钚。[3]其密度比铅高出大约70%，比金和钨低。天然的泥土、岩石和水中含有百万分之一至百万分之十左右的铀。采矿工业从沥青铀矿等矿物中提取出铀元素。\n自然界中的铀以三种同位素的形式存在：铀-238（99.2739至99.2752%）、铀-235（0.7198至0.7202%）、和微量的铀-234（0.0050至0.0059%）。[4]铀在衰变的时候释放出α粒子。铀-238的半衰期为44.7亿年，铀-235的则为7.04亿年，[5]因此它们被用于估算地球的年龄。\n铀独特的核子特性有很大的实用价值。铀-235是唯一自发裂变的同位素。铀-238在快速中子撞击下能够裂变，属于增殖性材料，即能在核反应堆中经核嬗变成为可裂变的钚-239。铀-233也是一种用于核科技的可裂变同位素，可从自然钍元素制成。铀-238自发裂变的概率极低，快中子撞击可诱导其裂变；铀-235和233可被慢中子撞击而裂变，如果其质量超过临界质量，就都能够维持核连锁反应，在核反应过程中的微小质量损失会转化成巨大的能量。这一特性使它们可用于生产核裂变武器与核能发电。耗尽后的铀-235发电原料被称为贫铀（含238U），可用做钢材添加剂，制造贫铀弹和装甲。[6]\n铀是铀玻璃中颜色的来源，能产生橙红至青黄色。早期摄影曾使用铀为照片着色和晕渲。1789年，马丁·克拉普罗特在沥青铀矿中发现了铀元素，并将其以天王星（Uranus）命名。尤金-梅尔希奥·皮里哥首次分离出铀金属，而亨利·贝可勒尔则于1896年发现了铀的放射性。1934年起恩里科·费米等人进行研究，使铀成为了核能工业所用的燃料和用于轰炸广岛的小男孩原子弹原料。冷战期间美国和苏联进行军备竞赛，生产了数万个含铀或衰变产物为铀-235的钚-239的核武器。苏联解体后苏联核武器的安全问题受到公众的关注。',175,'#008FFF','https://zh.wikipedia.org/wiki/%E9%88%BE'),
	(93,'2017-04-16 20:31:34','2017-04-19 00:20:01','Np',1,'Np','镎','Neptunium','','',0,'镎（Neptunium，台湾、港澳译作錼）是一种化学元素，符号为Np，原子序为93。镎是首个超铀元素，属于锕系金属。镎具有放射性，其最稳定的同位素237Np是核反应堆和钚生产过程的副产品，能够用于制造中子探测仪。由于核嬗变反应，铀矿当中存在着微量镎元素。[3]',175,'#0080FF','https://zh.wikipedia.org/wiki/%E9%8C%BC'),
	(94,'2017-04-16 20:33:55','2017-04-19 00:20:07','Pu',1,'Pu','钚','Plutonium','','',0,'钚（Plutonium，台湾“钸”）是原子序数94、元素符号为Pu的放射性超铀元素。它属于锕系金属，外表呈银白色，接触空气后容易腐蚀、氧化，在表面生成无光泽的二氧化钚。钚有六种同素异形体和四种氧化态，易和碳、卤素、氮、硅起化学反应。钚暴露在潮湿的空气中时会产生氧化物和氢化物，其体积最大可膨胀70%，屑状的钚能自燃。它也是一种放射性毒物，会于骨髓中富集。因此，操作、处理钚元素具有一定的危险性。\n钚是天然存在于自然界中质量最重的原子。它最稳定的同位素是钚-244，半衰期约为八千万年，足够使钚以微量存在于自然环境中[3]。\n钚最重要的同位素是钚-239，半衰期为2.41万年，常被用来制造核子武器。钚-239和钚-241都易于裂变，即它们的原子核可以在慢速热中子撞击下产生核分裂，释出能量、伽马射线以及中子辐射，从而形成核连锁反应，并应用在核武器与核反应堆上。\n钚-238的半衰期为88年，并放出α粒子。它是放射性同位素热电机的热量来源，常用于驱动太空船。\n钚-240自发裂变的比率很高，容易造成中子通量激增，因而影响了钚作为核武及反应器燃料的适用性。\n分离钚同位素的过程成本极高又耗时费力，因此钚的特定同位素时几乎都是以特殊反应合成。\n1940年，格伦·西奥多·西博格和埃德温·麦克米伦首度在柏克莱加州大学实验室，以氘撞击铀-238而合成钚元素。麦克米伦将这个新元素取名Pluto（意为冥王星），西博格便开玩笑提议定其元素符号为Pu（音类似英语中表嫌恶时的口语“pew”）。科学家随后在自然界中发现了微量的钚。二次大战时曼哈顿计划则首度将制造微量钚元素列为主要任务之一，曼哈顿计划后来成功研制出第一个原子弹。1945年7月的第一次核试验“三一试验”，以及第二次、投于长崎市的“胖子原子弹”，都使用了钚制作内核部分。关于钚元素的人体辐射实验研究并在未经受试者同意之下进行，二次大战期间及战后都有数次核试验相关意外，其中有的甚至造成伤亡。核能发电厂核废料的清除，以及冷战期间所打造的核武建设在核武裁减后的废用，都延伸出日后核武扩散以及环境等问题。非陆上核试验也会释出残余的原子尘，现已依《部分禁止核试验条约》明令禁止。',175,'#006BFF','https://zh.wikipedia.org/wiki/%E9%88%BD'),
	(95,'2017-04-16 20:33:56','2017-04-19 00:20:14','Am',1,'Am','镅','Americium','','',0,'镅（Americium，港台译作“鋂”）是一种放射性超铀元素，符号为Am，原子序为95。镅属于锕系元素，在元素周期表中位于镧系元素铕之下。镅是以发现所在的美洲大陆（America）命名的。[2]\n位于伯克利加州大学由格伦·西奥多·西博格领导的团队在1944年首次合成了镅元素。虽然镅是第三个超铀元素，但它却是继锔以后第四个被发现的超铀元素。这项发现最初被列为机密，直到1945年才公诸于世。大部分的镅都是在核反应堆中以中子撞击铀或钚而形成的：一吨乏核燃料含有大约100克镅。镅元素主要用在商业电离室烟雾探测器和仪表中，或用作中子源。有人提出用242mAm同位素制造核电池和太空船的核推进燃料，但因该同核异构体的稀少和昂贵而尚待实现。\n镅是一种质软的放射性金属，外表呈银白色。镅的同位素中最常见的有241Am和243Am。在化合物中，特别是溶液中，镅的氧化态通常是+3。镅还有+2到+7之间的其他氧化态，可通过测量吸收光谱分辨出来。由于辐射变晶效应，镅固体和镅化合物的晶体结构本身含有缺陷。这些缺陷随时间而增加，因此其物质属性会进行变化。',175,'#545CF2','https://zh.wikipedia.org/wiki/%E9%8B%82'),
	(96,'2017-04-16 20:33:57','2017-04-19 00:20:21','Cm',1,'Cm','锔','Curium','','',0,'锔（Curium）是一种放射性超铀元素，符号为Cm，原子序为96，属于锕系元素，以研究放射性的科学家玛丽·居里（Marie Curie）和其丈夫皮埃尔·居里命名。伯克利加州大学的格伦·西奥多·西博格等人在1944年7月首次专门合成锔元素。发现起初被列为机密，到1945年11月才公布于世。大部分的锔是在核反应堆中通过对铀或钚进行中子撞击产生的。每吨用尽的核燃料中含有大约20克锔。\n锔是一种银白色的坚硬高密度金属，熔点和沸点是锕系元素中较高的。锔在标准温度和压力下具顺磁性，并在冷却后变为反铁磁性；许多锔化合物也具有磁性的转变。锔在化合物中的氧化态通常为+3和+4，而在溶液中主要呈+3态。锔很容易被氧化，而形成的氧化物是锔最常见的形态。锔可以和各种有机化合物形成萤光配合物，但不出现在任何细菌或古菌中。当摄入人体之后，锔会累积在骨骼、肺部和肝脏中，并可致癌。\n锔的所有已知同位素都具有放射性，并具有较小的临界质量（维持核连锁反应所需的最低质量）。这些同位素主要放射α粒子，辐射释放的热量可以在放射性同位素热电机中用来产生电力。然而由于量的稀少，以及制造费用的昂贵，锔难以用来发电。锔被用于制造更重的锕系元素，及在心律调节器中作为能源的238Pu放射性同位素。它也作为α粒子射源，被用在α粒子X射线光谱仪中。许多火星探测任务都使用该光谱仪来分析火星表面岩石的结构和成分，罗塞塔号的菲莱登陆器（Philae Lander）也用它来探测楚留莫夫－格拉希门克彗星的表面。',0,'#785CE3','https://zh.wikipedia.org/wiki/%E9%8B%A6'),
	(97,'2017-04-16 20:33:58','2017-04-19 00:20:29','Bk',1,'Bk','锫','Berkelium','','',0,'锫（台湾称鉳）（Berkelium）是一种放射性化学元素，符号为Bk，原子序为97，属于锕系元素和超铀元素。位于美国加州伯克利的劳伦斯伯克利国家实验室在1949年12月发现锫元素，因此锫以伯克利（Berkeley）命名。锫是继镎、钚、锔和镅后第五个被发现的超铀元素。\n最常见的锫同位素是锫-249，主要经高通量核反应堆产生。目前制造该同位素的有美国田纳西州的橡树岭国家实验室和俄罗斯季米特洛夫格勒的核反应器研究所。第二重要的同位素锫-247要用高能量α粒子向锔-244进行撞击而产生。\n从1967年至今，在美国生产的锫元素仅仅超过1克。除在科学研究中用来合成更重的超铀元素和超锕系元素外，锫没有实际的用途。2009年，在进行250天的辐射后，橡树岭国家实验室制成了22毫克的锫-249，并在其后的90天内对该样本进行了纯化处理。纯化后的锫元素同年被送到俄罗斯联合核研究所，以钙-48离子向其撞击150天后，合成了Ts（117号元素）。\n锫是一种柔软的银白色放射性金属。锫-249同位素辐射的是低能电子，所以相对安全。不过，其半衰期为330天，衰变后会产生锎-249，而该同位素会释放高能量的α粒子，十分危险。这种衰变的现象在研究锫元素及其化合物属性时尤其重要，因为不断生成的锎不但会污染化学样本，还会释放辐射，破坏样本的结构。',0,'#8A4FE3','https://zh.wikipedia.org/wiki/%E9%89%B3'),
	(98,'2017-04-16 20:33:59','2017-04-19 00:20:35','Cf',1,'Cf','锎','Californium','','',0,'锎（英语：Californium，读音同开；港台译做鉲，读音同卡[10][11]）是一种放射性金属元素，符号为Cf，原子序为98。锎属于锕系元素，是第六种人工合成的超铀元素。锎是产量能以肉眼可见的元素中原子量第二高的（最高的是锿），也是自然界能自行产生的元素中质量数最高的，所有比锎更重的元素皆必须通过人工合成才能产生。伯克利加州大学于1950年以α粒子（氦-4离子）撞击锔，首次人工合成锎元素，因此该元素是以美国加利福尼亚州及加州大学命名的。\n锎拥有三种晶体结构，分别存在于正常气压900 °C以下、正常气压900 °C以上与高压下（48 GPa）。在室温下，锎金属块会在空气中缓慢地失去光泽。锎的化合物主要由能够形成3个化学键的锎(III)形成。目前已知的20个锎的同位素中，锎-251是最为稳定的，其半衰期为898年，而锎-252是最常被使用的同位素，半衰期约为2.64年，该同位素主要在美国的橡树岭国家实验室及俄罗斯的核反应器研究所合成。由于大部分锎同位素的半衰期都很短，所以地壳中不存在大量的锎元素。[注 1]\n锎是少数具有实际用途的超铀元素之一，利用某些锎同位素是强中子射源的特性，锎能够用于启动核反应堆，还可以使用在中子衍射技术和中子谱学中对材料进行研究。另外，锎可用来合成质量数更高的元素，例如以钙-48离子撞击锎-249可合成第118号元素Og。但在处理锎的时候，也因此必须考虑到放射性的问题。当锎累积在动物的骨骼组织时，将破坏红血球的形成，影响造血功能。',0,'#A136D4','https://zh.wikipedia.org/wiki/%E9%89%B2'),
	(99,'2017-04-16 20:33:59','2017-04-19 00:20:40','Es',1,'Es','锿','Einsteinium','','',0,'锿（英语：Einsteinium，台湾、香港、澳门称鑀，旧译作䥺[1]）是一种人工合成元素，符号为Es，原子序为99。锿是第7个超铀元素，属于锕系元素。\n锿是在1952年第一次氢弹爆炸的残余物中发现的，并以物理学家阿尔伯特·爱因斯坦命名。其最常见的同位素为锿-253（半衰期为20.47天），是通过锎-253的衰变而人工制造的，每年在高能核反应堆中的产量约为1毫克。合成之后，锿-253要从其他锕系元素及其衰变产物中分离出来，这是个复杂的过程。其他的锿同位素则在各个实验室中以较轻元素的离子撞击锕系元素而合成，但产量少得多。锿除了用于合成新的元素，主要用于发射X射线。锿曾在1955年用于首次合成钔元素，并一共合成了17颗钔原子。\n锿是一种柔软的银白色金属，具顺磁性。其化学属性符合典型的重锕系元素，容易形成+3氧化态，并特别在固体中也可以形成+2态。锿-253的高放射性会使它明显地发光，并会迅速破坏其晶体金属结构，每克释放大约1000瓦的热量。由于锿-253每天都损失3%的质量，并依次衰变为锫和锎，因此对锿的研究十分困难。锿-252是存留时间最长的锿同位素（半衰期为471.7天），可以用于研究锿的物理特性，但生产锿-252是极为困难的，每次的产量也极少。[2]锿是最后一种曾在宏观尺度下以纯元素形态被研究过的元素，所用的同位素是常见但半衰期短的锿-253。[3]和其他的人工合成超铀元素一样，锿是极具放射性的，如果进食了会对健康造成损害。[4]',0,'#B31FD4','https://zh.wikipedia.org/wiki/%E9%91%80'),
	(100,'2017-04-16 20:34:00','2017-04-19 00:20:47','Fm',1,'Fm','镄','Fermium','','',0,'镄（Fermium）是一种人工合成元素，符号为Fm，原子序为100，属于锕系元素。镄是能够用中子撞击较轻元素而产生的最重元素，即是说它是最后一种能够大量制成的元素。然而到目前为止，人们仍没有制成纯镄。[1]镄一共拥有19种已知的同位素，其中257Fm存留时间最长，半衰期为100.5天。\n镄是在1952年第一次氢弹爆炸后的辐射落尘中发现的，并以诺贝尔奖得主原子核物理学家恩里科·费米（Enrico Fermi）命名。其化学属性符合较重锕系元素的典型性质，有着形成+3氧化态的趋势，但也能够形成+2态。由于产量极少，镄在基础科学研究之外暂无实际用途。与其他人工合成的同位素一样，镄极具放射性，毒性亦很强。',0,'#B31FBA','https://zh.wikipedia.org/wiki/%E9%90%A8'),
	(101,'2017-04-16 20:34:01','2017-04-19 00:20:53','Md',1,'Md','钔','Mendelevium','','',0,'钔是一个人工合成元素，符号为Md（曾为Mv），原子序为101。钔是锕系元素中具有放射性的超铀金属元素，通常的合成方式是以α衰变撞击锿元素。钔（Mendelevium）以最先创建元素周期表的德米特里·伊万诺维奇·门捷列夫命名。门捷列夫的周期表成为了分类所有化学元素的最基本的方式。名称Mendelevium被国际纯粹与应用化学联合会（IUPAC）所承认，但最初提出的符号Mv则未被接受，IUPAC最终于1963年改用Md。[1]',0,'#B30DA6','https://zh.wikipedia.org/wiki/%E9%8D%86'),
	(102,'2017-04-16 20:34:39','2017-04-19 00:21:00','No',1,'No','锘','Nobelium','','',0,'锘是一种人工获得的放射性元素(1957年)，它的化学符号是No，它的原子序数是102，属于锕系元素之一。\n锘的拼音名称是以瑞典化学家阿尔弗雷德·诺贝尔而命名。他亦是创建诺贝尔奖的人。\n锘-261是最稳定的同位素，半衰期有170分钟。其次是锘-259，半衰期有58分钟。\n锘-254的半衰期是55秒。',0,'#BD0D87','https://zh.wikipedia.org/wiki/%E9%8D%A9'),
	(103,'2017-04-16 20:34:40','2017-04-19 00:21:02','Lr',1,'Lr','铹','Lawrencium','','',0,'铹符号Lr，元素之一，原子序103，为一人工合成的放射性元素。在周期表中位于第7周期、3族，过渡金属之一。其原子量约为263amu，由硼轰击锎合成，名称来自美国物理学家欧内斯特·劳伦斯[3]。\n铹的半衰期很短，当中以铹-266的半衰期最长，有11小时。',0,'#C70066','https://zh.wikipedia.org/wiki/%E9%90%92'),
	(104,'2017-04-16 20:34:40','2017-04-19 00:21:24','Rf',1,'Rf','?','Rutherfordium','','',0,'?（Rutherfordium）是一种化学元素，符号为Rf，原子序为104。?是为纪念新西兰物理学家欧内斯特·卢瑟福而以他命名的。?是一种人工合成的放射性元素，不出现在自然界中，但可以在实验室内产生。其最稳定的已知同位素为267Rf，半衰期约为1.3小时。\n在元素周期表中，?位于d区块，是第一个锕系后元素。?属于第7周期、4族。化学实验已证实，?是比同为4族的铪较重的化学同系物。人们对?的化学特性了解不全。?与其他的4族元素相似，不过某些计算指出，由于相对论性效应，它可能会具有很不同的化学属性。\n位于前苏联和美国加州的实验室在1960年代分别制造出少量的?。由于双方发现?的先后次序不清，因此苏联和美国科学家们对其命名产生了争议；直到1997年国际纯粹与应用化学联合会才将?作为该元素的正式名称。',0,'#CC0059','https://zh.wikipedia.org/wiki/%E9%91%AA'),
	(105,'2017-04-16 20:34:41','2017-04-19 00:21:30','Db',1,'Db','?','Dubnium','','',0,'?（Dubnium）是一种化学元素，符号为Db，原子序为105。其名Dubnium源自位于俄罗斯的小镇杜布纳（Dubna），也是?最早得到合成的地方。?是一种人工合成元素，不出现于在自然界中，并具有放射性。其最稳定的已知同位素（?-268）的半衰期约为28小时，这也是102号元素之后最长寿的同位素。[5]\n在元素周期表中，?是一个d区元素，同时属于锕系后元素。它位于第7周期和5族元素。化学实验证实了?的特性为钽的较重的5族同系物。人们对?的化学特性所知不多。\n在1960年代，苏联和美国加州的实验室制造了微量的?元素。两国未能确定彼此的发现次序，因此双方科学家对其命名发生了争论，直到1997年国际纯粹与应用化学联合会（IUPAC）确认了苏联的实验室最早合成该元素，并为双方妥协而取名为Dubnium。',0,'#D1004F','https://zh.wikipedia.org/wiki/%F0%A8%A7%80'),
	(106,'2017-04-16 20:34:42','2017-04-19 00:21:36','Sg',1,'Sg','?','Seaborgium','','',0,'?（IUPAC名：Seaborgium）是一种人工合成的化学元素，符号为Sg，原子序为106。\n?是个人工合成元素，其最稳定的同位素为271Sg，半衰期为1.9分钟。新发现的同位素 269Sg可能有着更长的半衰期（约2.1分钟），这是根据一次单个衰变的观测得出的。[来源请求]有关?的化学实验确切地将它归类于6族，作为钨之下的同系物。',0,'#D90045','https://zh.wikipedia.org/wiki/%F0%A8%AD%8E'),
	(107,'2017-04-16 20:34:42','2017-04-19 00:21:42','Bh',1,'Bh','?','Bohrium','','',0,'?bō（英语：bohrium）是原子序为107的化学元素，符号为Bh，以丹麦物理学家尼尔斯·玻尔命名。?是一个人工合成元素（须在实验室中合成，而不产生于自然界中），其最稳定的同位素270Bh的半衰期大约为61秒。\n在元素周期表中，?是一个d区块锕系后元素，位于第7周期、7族。化学实验证实?符合7族中位于铼之下元素的特性。人们对?的化学属性并不完全了解，就目前所知，其特性与7族元素的趋势相符。',0,'#E00038','https://zh.wikipedia.org/wiki/%F0%A8%A8%8F'),
	(108,'2017-04-16 20:34:43','2017-04-19 00:21:48','Hs',1,'Hs','?','Hassium','','',0,'?（Hassium）是一种人工合成元素，符号为Hs，原子序为108。它是8族中最重的元素。科学家在1984年首次观察到?元素。实验证明，?是典型的8族元素，具稳定的+8氧化态，类似于锇。?是锇的同系物。\n已知的?同位素中，269Hs的半衰期最长，约为10秒。到目前为止，多个研究通过不同的核反应，一共合成了超过100个?原子，有的是母原子核，有的是更重元素的衰变产物。',0,'#E6002E','https://zh.wikipedia.org/wiki/%F0%A8%AD%86'),
	(109,'2017-04-16 20:34:43','2017-04-19 00:21:55','Mt',1,'Mt','鿏','Meitnerium','','',0,'鿏（Meitnerium）是人工合成的放射性化学元素，化学符号为Mt，原子序为109。鿏是9 (VIIIB)族最重的元素，但由于没有足够稳定的鿏同位素，因此未能通过化学实验来验证鿏的性质是否符合周期律。鿏于1982年首次合成，其最稳定同位素为278Mt，半衰期为7.6秒。',0,'#EB0026','https://zh.wikipedia.org/wiki/%E4%A5%91'),
	(110,'2017-04-16 20:34:44','2017-04-19 00:22:00','Ds',1,'Ds','?','Darmstadtium','','',0,'?（Darmstadtium）是一种人工合成的放射性元素，化学符号是Ds，原子序是110。它是10 (VIIIB)族最重的元素，属于超铀元素、超锕元素。由于还没有足够稳定的?同位素，因此未能通过化学实验来验证?的特性。?于1994年首次被合成，其最重也是最稳定同位素为281aDs，半衰期约为11秒。有证据显示存在着另一个同核异构体281bDs，其半衰期为3.7分钟。',0,'','https://zh.wikipedia.org/wiki/%E9%90%BD'),
	(111,'2017-04-16 20:34:44','2017-04-19 00:22:07','Ds',1,'Ds','?','Roentgenium','','',0,'?（Roentgenium）是一种人工合成的放射性化学元素，化学符号是Rg，原子序是111。?属于超铀元素、超锕系元素。已知最稳定的?同位素为?-282，其半衰期约为2.1分钟，之后衰变成为第109号元素鿏。第111号元素系过渡金属11族的成员，所以其化学性质预计和金、银、铜等11族金属类似，有可能会是铜红色、银白色或金黄色等有色彩的固体金属。',0,'','https://zh.wikipedia.org/wiki/%E9%8C%80'),
	(112,'2017-04-16 20:34:45','2017-04-19 00:22:13','Cn',1,'Cn','鎶','Copernicium','','',0,'鎶（Copernicium）是一种超重元素，化学符号是Cn，原子序是112。鎶会通过α衰变成为273Ds，半衰期最长的鎶同位素为285Cn，有29秒。位于德国达姆施塔特重离子研究所（GSI），由西格･霍夫曼和维克托･尼诺夫领导的研究团队在1996年首次合成出鎶。\n在元素周期表中，鎶属于d区元素，同时也是超锕系元素。鎶和金的化学反应显示，它是一种易挥发的金属。计算显示，鎶与比它轻的同族元素有较大的差异。最显著的不同就是鎶会在失去7s电子层前先失去两个6d层的电子。因此，根据相对论效应，鎶会是一种过渡金属。通过计算，科学家还发现Cn能呈稳定的+4氧化态，而汞则仅能在极端条件下呈+4态，锌和镉则不能呈+4态。科学家也精确地预测了鎶从游离态到化合态所需的能量。\n鎶只能在实验室中经人工合成，截至目前，科学家用不同的核反应合成了75个鎶原子。',0,'','https://zh.wikipedia.org/wiki/%E9%8E%B6'),
	(113,'2017-04-16 20:34:45','2017-04-19 00:22:24','Uut',1,'Uut','鑈','Nihonium','','',0,'鑈（Nihonium，Nh）是铝族最重的元素，但由于具有放射性且衰变速度快，至今仍没有足够稳定的Nh同位素，因此无法验证其特性是否与该族相符。科学家于2003年在镆的衰变产物第一次发现Nh，再于2004年直接合成Nh。至今成功合成的Nh原子一共只有14个。其寿命最长的同位素为286Nh，半衰期约为20秒，[4]因此可对其进行化学实验。',0,'','https://zh.wikipedia.org/wiki/Uut'),
	(114,'2017-04-16 20:34:46','2017-04-19 00:22:31','Fl',1,'Fl','?','Flerovium','','',0,'?[4][5]（IUPAC名：Flerovium，化学符号：Fl）[6][7]是一种化学元素。其符号为Fl，原子序为114。\n科学家至今观测到约80个?原子，其中50个是直接合成的，其余30个则是在更重元素（?和Og）的衰变产物中发现的。所有衰变都来自285-289Fl，一共5个质量数相邻的同位素。已知寿命最长的同位素为289Fl，半衰期约为2.6秒，但有证据显示存在着另一个同核异构体289bFl，其半衰期约为66秒，将会是超重元素中寿命最长的原子核。\n2007年进行的化学研究指出，?的化学特性和铅非常不同。由于某些相对论性效应，它是第一种表现出惰性气体特性的超重元素。[8]',0,'','https://zh.wikipedia.org/wiki/%E9%88%87'),
	(115,'2017-04-16 20:34:47','2017-04-19 00:22:38','Uup',1,'Uup','镆','Moscovium','','',0,'镆（Moscovium，Mc）是元素周期表15 (VA)族中最重的元素，但是由于还没有足够稳定的镆同位素，因此并未能透过化学实验来验证其特性。\n科学家在2003年第一次观测到镆，至今合成了大约30个原子，其中只探测到4次直接衰变。目前已知有5个质量数连续的同位素：287–291Mc，其中291Mc的半衰期最长，约为1分钟。[3]',0,'','https://zh.wikipedia.org/wiki/Uup'),
	(116,'2017-04-16 20:34:47','2017-04-19 00:22:45','Lv',1,'Lv','鉝','Livermorium','','',0,'鉝[3][4]（英语：Livermorium，Lv）是原子序为116的人造元素。其被正式命名前的临时名称为Ununhexium（Uuh），现名于2012年5月30日经国际纯粹与应用化学联合会同意后正式使用。[5]\n它是元素周期表16族最重的元素，位于钋之下，但由于没有足够稳定的同位素，因此目前无法用实验来研究它的特性。\n科学家于2000年发现鉝，至今成功合成约30个原子。这些原子都是直接合成或是Uuo衰变的产物。已合成的鉝同位素质量数介乎290至293，其中293Lv是最稳定的，半衰期约为60毫秒。',0,'','https://zh.wikipedia.org/wiki/%E9%89%9D'),
	(117,'2017-04-16 20:34:49','2017-04-19 00:22:52','Uus',1,'Uus','tian','Tennessine','','',0,'tian[4]（Tennessine，Ts）是一种人工合成的超重化学元素，原子序为117。Ts在所有人工合成元素中质量第二高，在元素周期表中位于第7周期的倒数第二位置。2010年，一个美俄联合科学团队在俄罗斯杜布纳联合原子核研究所首次宣布发现Ts。2011年的另一项实验直接生成了Ts的其中一种子同位素，这证实了2010年实验的一部分结果；原先的实验在2012成功得到重现。2014年，德国亥姆霍兹重离子研究中心也宣布成功重现该实验。2015年，负责检验超重元素合成实验的IUPAC/IUPAP联合工作小组（JWP）确认Ts已被发现，命名的提议权由美俄联合科学团队取得。Ununseptium是Ts的系统命名，作为元素获得正式命名之前的临时名称。科学家一般在文献中把它称作117号元素。\n在元素周期表中，Ts位于17族、所有卤素以下。[a]Ts的性质很可能和卤素有显著地差异，但其熔点、沸点和第一电离能则预计遵从周期表的规律。',0,'','https://zh.wikipedia.org/wiki/Uus'),
	(118,'2017-04-16 20:42:21','2017-04-19 00:23:07','Uuo',1,'Uuo','ao','Oganesson','','',0,'ao (Oganesson, Og），是一种超重元素，原子序为118。在元素周期表上，它位于p区，属于18族，是第7周期中的最后一个元素。Og目前是人工合成的，其原子序和原子量为所有已发现元素中最高的。\nOg具放射性，其原子十分不稳定。截至2012年，一共只探测到的294Og同位素的原子共有4个。[12]这使对Og特性和可能的化合物的实验研究相当困难。目前理论计算作出了一些有关其特性的预测，其中一些是出乎意料的。例如，Og是18族成员，但它有可能并不是惰性气体。[1]之前它曾被认为是一气体，但现在的预测却表示，由于相对论量子化学性因素，它在标准状况下会是固体。[1]',0,'','https://zh.wikipedia.org/wiki/Uuo'),
	(119,'2017-04-18 21:21:27','2017-04-18 21:35:37','O2',2,'O<sub>2</sub>','氧气','Oxygen','','',0,'氧气（英语：Oxygen, Dioxygen，分子式O2）是氧元素最常见的单质形态，在空气中大约占21%，在标准状况下是无色无味无臭的气体，不易溶于水，密度比空气大，不可燃，可助燃。',0,'','https://zh.wikipedia.org/wiki/%E6%B0%A7%E6%B0%94'),
	(120,'2017-04-18 21:24:35','2017-04-19 11:33:35','CO2',2,'CO<sub>2</sub>','二氧化碳','Carbon dioxide','','',0,'二氧化碳（IUPAC名：carbon dioxide，分子式：CO2）是空气中常见的化合物，由两个氧原子与一个碳原子通过共价键连接而成。空气中有微量的二氧化碳，约占0.04％。二氧化碳略溶于水中，形成碳酸，碳酸是一种弱酸。\n在二氧化碳分子中，碳原子的成键方式是sp杂化轨道与氧原子成键。碳原子的两个sp杂化轨道分别与两个氧原子生成两个σ键。碳原子上两个没有参加杂化（混成）的p轨道与成键的sp杂化轨道成90°的直角，并同氧原子的p轨道分别发生重叠，故缩短了碳氧键的间距。\n二氧化碳平均约占大气体积的400ppm，不过每年因为人为的排放增加，比率还在逐步上升。大气中的二氧化碳含量随季节变化，这主要是由于植物生长的季节性变化而导致的。当春夏季来临时，植物由于光合作用消耗二氧化碳，其含量随之减少；反之，当秋冬季来临时，植物不但不进行光合作用，反而制造二氧化碳，其含量随之上升。\n二氧化碳常压下为无色、无味、不助燃[注 1]、不可燃的气体。二氧化碳是一种温室气体。二氧化碳的浓度自1900年至2016年11月增长了约127ppm[来源请求]。',0,'','https://zh.wikipedia.org/wiki/%E4%BA%8C%E6%B0%A7%E5%8C%96%E7%A2%B3'),
	(121,'2017-04-18 21:25:38','2017-04-19 11:33:35','CO',2,'CO','一氧化碳','Carbon monoxide','','',0,'一氧化碳，分子式CO，是无色、无嗅、无味、剧毒的无机化合物气体，比空气略轻。在水中的溶解度甚低，但易溶于氨水。空气混合爆炸极限为12.5%～74%。 一氧化碳是含碳物质不完全燃烧的产物。也可以作为燃料使用，煤和水在高温下可以生成水煤气（一氧化碳与氢气的混合物）。有些现代技术，如炼铁，还是会产生副产品的一氧化碳。一氧化碳是可用作身体自然调节炎症反应的三种气体之一（其他两种是一氧化氮和硫化氢）。\n由于一氧化碳与体内血红蛋白的亲和力比氧与血红蛋白的亲和力大200－300倍，而碳氧血红蛋白较氧合血红蛋白的解离速度慢3600倍，当一氧化碳浓度在空气中达到35ppm，就会对人体产生损害，会造成一氧化碳中毒（又称煤气中毒）。\n虽然一氧化碳有毒，但动物代谢亦会产生少量一氧化碳，并认为有一些正常的生理功能。',0,'','https://zh.wikipedia.org/wiki/%E4%B8%80%E6%B0%A7%E5%8C%96%E7%A2%B3'),
	(122,'2017-04-18 21:30:11','2017-04-19 11:33:35','SO2',2,'SO<sub>2</sub>','二氧化硫','Sulfur dioxide','','',0,'二氧化硫，（英语：sulphur dioxide , sulfur dioxide）化学式是SO2。是最常见的硫氧化物。无色气体，有强烈刺激性气味。大气主要污染物之一。火山爆发时会喷出该气体，在许多工业过程中也会产生二氧化硫。由于煤和石油通常都含有硫化合物，因此燃烧时会生成二氧化硫。当二氧化硫溶于水中，会形成亚硫酸（酸雨的主要成分）。若把SO2进一步氧化，通常在催化剂如二氧化氮的存在下，便会生成硫酸。[1]这就是对使用这些燃料作为能源的环境效果的担心的原因之一。',0,'','https://zh.wikipedia.org/wiki/%E4%BA%8C%E6%B0%A7%E5%8C%96%E7%A1%AB'),
	(123,'2017-04-18 21:34:15','2017-04-19 11:33:35','P2O5',2,'P<sub>2</sub>O<sub>5</sub>','五氧化二磷','Phosphorus pentoxide','','',0,'五氧化二磷（化学式：P2O5，分子式：P4O10），磷在空气中燃烧生成的磷氧化物。它吸水性强、并有极强的脱水性，甚至可以将浓硫酸脱水，生成三氧化硫。极易潮解，是一种强力干燥剂。它与冷水生成偏磷酸，与热水主要生成正磷酸。',0,'','https://zh.wikipedia.org/wiki/%E4%BA%94%E6%B0%A7%E5%8C%96%E4%BA%8C%E7%A3%B7'),
	(124,'2017-04-18 21:35:30','2017-04-19 11:33:35','H2',2,'H<sub>2</sub>','氢气','Dihydrogen','','',0,'氢是一种化学元素，其化学符号为H，原子序为1。氢的原子量为1.00794 u，是元素周期表中最轻的元素。单原子氢（H）是宇宙中最常见的化学物质，占重子总质量的75%。[6][注 1]等离子态的氢是主序星的主要成分。氢的最常见同位素是“氕”（此名称甚少使用，符号为1H），含1个质子，不含中子；天然氢还含极少量的同位素“氘”，含1个质子和1个中子。\n氢原子最早在宇宙复合阶段出现并遍布全宇宙。在标准温度和压力之下，氢形成双原子分子（分子式为H2），呈无色、无臭、无味非金属气体，不具毒性，高度易燃。氢很容易和大部分非金属元素形成共价键，所以地球上大部分的氢都以分子的形态存在，比如水和有机化合物等。氢在酸碱反应中尤其重要，因为在这类反应中各种分子须互相交换质子。在离子化合物中，氢原子可以获得一个电子成为氢阴离子（H−），或失去一个电子成为氢阳离子（H+）。虽然在一般写法中，氢阳离子就是质子，但在实际化合物中，氢阳离子的实际结构是更为复杂的。氢原子是唯一一个有薛定谔方程解析解的原子，[7]所以对氢原子模型的研究在量子力学的发展过程中起到了关键的作用。\n16世纪，人们通过混合金属和强酸，首次制备出氢气。1766至1781年，亨利·卡文迪什第一次发现氢气是一种独立的物质，[8]燃烧后会产生水。安东万-罗伦·德·拉瓦锡根据这一性质，将其命名为“Hydrogen”，在希腊文中意为“生成水的物质”。19世纪50年代，英国医生合信编写《博物新编》（1855年）时，把元素名翻译为“轻气”，成为今天中文“氢”字的来源。[9][10]\n氢气的工业生产主要使用天然气的蒸汽重整过程，或通过能源消耗更高的水电解反应。[11]大部分的氢气都在生产地点直接使用，主要应用包括化石燃料处理（如裂化反应）和氨生产（一般用于化肥工业）。在冶金学上，氢气会对许多金属造成氢脆现象，[12]使运输管和储存罐的设计更加复杂。[13]',0,'','https://zh.wikipedia.org/wiki/%E6%B0%A2'),
	(125,'2017-04-18 21:43:10','2017-04-19 11:33:35','H2O',2,'H<sub>2</sub>O','水','Water','','',0,'水分子（化学式：H2O）是地球表面上最多的分子，除了以气体形式存在于大气中，其液体和固体形式占据了地面70-75%的组成部分。标准状况下，水分子在液体和气体之间保持动态平衡。室温下，它是无色，无味，透明的液体。作为通用溶剂之一，水可以溶解许多物质。因此，自然界极少有水的纯净物。',0,'','https://zh.wikipedia.org/wiki/%E6%B0%B4%E7%9A%84%E6%80%A7%E8%B3%AA'),
	(126,'2017-04-18 21:48:01','2017-04-19 11:33:35','MgO',2,'MgO','氧化镁','Magnesium oxide','','',0,'氧化镁（化学式：MgO）也称苦土，是镁的氧化物，一种离子化合物；常温下为白色固体；氧化镁以方镁石的形式存在于自然界中。',0,'','https://zh.wikipedia.org/wiki/%E6%B0%A7%E5%8C%96%E9%95%81'),
	(127,'2017-04-18 21:49:54','2017-04-19 11:33:35','Fe3O4',2,'Fe<sub>3</sub>O<sub>4</sub>','四氧化三铁','Iron(II,III) oxide','','',0,'四氧化三铁是铁的氧化物，化学式为Fe3O4，有时被写成FeO·Fe2O3。',0,'','https://zh.wikipedia.org/wiki/%E5%9B%9B%E6%B0%A7%E5%8C%96%E4%B8%89%E9%93%81'),
	(128,'2017-04-18 21:56:42','2017-04-19 11:33:35','Fe2O3',2,'Fe<sub>2</sub>O<sub>3</sub>','三氧化二铁','Iron(III) oxide','','',0,'氧化铁，或称三氧化二铁，化学式Fe2O3，是铁锈和赤铁矿的主要成分。铁锈的主要成因是铁金属在杂质碳的存在下，与环境中的水份和氧气反应，铁金属便会生锈。',0,'','https://zh.wikipedia.org/wiki/%E6%B0%A7%E5%8C%96%E9%93%81'),
	(129,'2017-04-18 22:01:20','2017-04-19 11:33:35','CuO',2,'CuO','氧化铜','Copper(II) oxide','','',0,'氧化铜（化学式：CuO）是铜的氧化物，为黑色固体。不溶于水和乙醇，溶于酸、氯化铵及氰化钾溶液，氨溶液中缓慢溶解。',0,'','https://zh.wikipedia.org/wiki/%E6%B0%A7%E5%8C%96%E9%93%9C'),
	(130,'2017-04-18 22:02:10','2017-04-19 11:33:35','Al2O3',2,'Al<sub>2</sub>O<sub>3</sub>','氧化铝','Aluminium oxide','','',0,'氧化铝（Aluminium oxide）是白色固体，是铝和氧的化合物，分子式为Al2O3。在矿业、制陶业和材料科学上又称为矾土。常见纯度为99.5%和96%。\n1961年，通用电气（GE）生产出了“Lucalox”，一种用于钠灯中的透明矾土。',0,'','https://zh.wikipedia.org/wiki/%E6%B0%A7%E5%8C%96%E9%93%9D'),
	(131,'2017-04-18 22:03:58','2017-04-19 11:33:35','HgO',2,'HgO','氧化汞','Mercury(II) oxide','','',0,'氧化汞（氧化汞(II)）是一种碱性氧化物，为无机物，化学式为HgO，俗称三仙丹，有红色和黄色两种变体。氧化汞用于制取其他汞化合物，也用作催化剂、颜料、抗菌剂及汞电池中的电极材料。',0,'','https://zh.wikipedia.org/wiki/%E6%B0%A7%E5%8C%96%E6%B1%9E'),
	(132,'2017-04-18 22:05:46','2017-04-19 11:33:35','CH4',2,'CH<sub>4</sub>','甲烷','Methane','','',0,'在化学中，甲烷（CH4），是结构最简单的烷类，由一个碳原子以及四个氢原子组成。它是最简单的烃类也是天然气的主要成分。甲烷在地球上有很高的相对丰度，使之成为很有发展潜力的一种燃料，但在标准状态下收集以及存储气态的甲烷是一个十分有挑战性的课题。\n在自然状态下，甲烷可以在地底下或者海底找到，而大气中也含有甲烷，这些甲烷称为大气甲烷[4]。自1750年以来，地球大气中的甲烷浓度增加了约150％，造成的全球暖化效应并占总长寿命辐射以及全球所有温室气体的20％（不包括水蒸气）[5]。\n甲烷的结构是由一个碳和四个氢原子透过sp3杂化的方式化合而成，并且是所有烃类物质中，含碳量最小，且含氢量最大的碳氢化合物，因此甲烷分子的分子结构是一个正四面体的结构，碳大约位于该正四面体的几何中心，氢位于其四个顶点，且四个碳氢键的键的键角相等、键长等长。标准状态下的甲烷是一种无色无味的气体[6]。一些有机物在缺氧情况下分解时所产生的沼气其实就是甲烷。',0,'','https://zh.wikipedia.org/wiki/%E7%94%B2%E7%83%B7'),
	(133,'2017-04-18 22:06:43','2017-04-19 11:33:35','C2H5OH',2,'C<sub>2</sub>H<sub>5</sub>OH','乙醇','Ethanol','','',0,'乙醇（英语：Ethanol，结构简式：CH3CH2OH）是醇类的一种，是酒的主要成分，所以也俗称酒精，有些地方俗称火酒。化学结构通常缩写为 C2H5OH, C2H6O 或 EtOH，Et代表乙基。乙醇易燃，是常用的燃料、溶剂和消毒剂，也用于有机合成。工业酒精含有少量有毒性的甲醇。医用酒精主要指体积浓度为75%左右（或质量浓度为70%）的乙醇，也包括医学上使用广泛的其他浓度酒精。\n乙醇与甲醚是同分异构体。',0,'','https://zh.wikipedia.org/wiki/%E4%B9%99%E9%86%87'),
	(134,'2017-04-18 22:06:55','2017-04-19 11:33:35','H2O2',2,'H<sub>2</sub>O<sub>2</sub>','过氧化氢','Hydrogen peroxide','','',0,'过氧化氢，分子式H2O2，是除水外的另一种氢的氧化物。粘性比水稍微高，化学性质不稳定，一般以30%或60%的水溶液形式存放，其水溶液俗称双氧水。过氧化氢有很强的氧化性，且具弱酸性。',0,'','https://zh.wikipedia.org/wiki/%E8%BF%87%E6%B0%A7%E5%8C%96%E6%B0%A2'),
	(135,'2017-04-18 22:08:32','2017-04-19 11:33:35','KMnO4',2,'KMnO<sub>4</sub>','高锰酸钾','Potassium permanganate','','',0,'高锰酸钾（化学式：KMnO4），强氧化剂，紫红色晶体，可溶于水，遇乙醇即被还原。常用作消毒剂、水净化剂、氧化剂、漂白剂、毒气吸收剂、二氧化碳精制剂等。1659年被西方人发现。医疗上有用作清洁消毒，和用来消灭真菌之用。\n高锰酸钾对成人的致死量为3~10g。',0,'','https://zh.wikipedia.org/wiki/%E9%AB%98%E9%94%B0%E9%85%B8%E9%92%BE'),
	(136,'2017-04-18 22:08:50','2017-04-19 11:33:35','K2MnO4',2,'K<sub>2</sub>MnO<sub>4</sub>','锰酸钾','Potassium manganate','','',0,'锰酸钾（化学式：K2MnO4），可溶于氢氧化钾溶液或水，水溶液呈绿色，只在强碱性溶液中稳定，pH值降低则发生歧化。',0,'','https://zh.wikipedia.org/wiki/%E9%94%B0%E9%85%B8%E9%92%BE'),
	(137,'2017-04-18 22:11:16','2017-04-19 11:33:35','MnO2',2,'MnO<sub>2</sub>','二氧化锰','Manganese dioxide','','',0,'二氧化锰（化学式：MnO2）为黑色或棕色的固体，是锰最稳定的氧化物，经常出现于软锰矿及锰结核中。二氧化锰主要用途为制造干电池，如碳锌电池和碱性电池；也常在化学反应中作为催化剂，或作为酸性溶液中的强氧化剂。在1967年共使用了500000吨的软锰矿。二氧化锰也经常被用来制作高锰酸钾（KMnO4）。它常被用作有机化学中的氧化剂。也可用来当制造氧气的催化剂。',0,'','https://zh.wikipedia.org/wiki/%E4%BA%8C%E6%B0%A7%E5%8C%96%E9%94%B0'),
	(138,'2017-04-18 22:12:34','2017-04-19 11:33:35','KClO3',2,'KClO<sub>3</sub>','氯酸钾','Potassium chlorate','','',0,'氯酸钾由钾、氯和氧元素组成，化学式为KClO3。它在室温时是无色晶体或白色粉末，而且是一种强氧化剂，可溶于水和甘油，不溶于醇。其折光率为1.5167[1]。有毒，口服5～10克可致死。[2]',0,'','https://zh.wikipedia.org/wiki/%E6%B0%AF%E9%85%B8%E9%92%BE'),
	(139,'2017-04-18 22:13:02','2017-04-19 11:33:35','KCl',2,'KCl','氯化钾','Potassium chloride','','',0,'氯化钾（化学式：KCl），英文：Potassium chloride。盐酸盐的一种，白色结晶或结晶性粉末，易溶于水和甘油，难溶于醇，不溶于醚和丙酮。',0,'','https://zh.wikipedia.org/wiki/%E6%B0%AF%E5%8C%96%E9%92%BE'),
	(140,'2017-04-18 22:15:53','2017-04-19 11:33:35','H2SO4',2,'H<sub>2</sub>SO<sub>4</sub>','硫酸','Sulfuric acid','','',0,'硫酸（化学分子式为H2SO4）是一种具有高腐蚀性的强矿物酸，一般为透明至微黄色，在任何浓度下都能与水混溶并且放热[需要消歧义][2]。有时，在工业制造过程中，硫酸也可能被染成暗褐色以提高人们对它的警惕性。[3]\n作为二元酸的硫酸在不同浓度下有不同的特性，而其对不同物质，如金属、生物组织、甚至岩石等的腐蚀性，都归根于它的强酸性，以及它在高浓度下的强烈脱水性(化学性质)、吸水性(物理性质)与氧化性。硫酸能对皮肉造成极大的伤害，因为它除了会透过酸性水解反应分解蛋白质及脂肪造成化学烧伤外，还会与碳水化合物发生脱水反应并造成二级火焰性灼伤[4][5]；若不慎入眼，更会破坏视网膜造成永久失明。故在使用时，应做足安全措施。另外，硫酸也是易潮解的，会吸取空气中的水蒸气。\n正因为硫酸有不同的特性，它也有不同的应用，如家用强酸通渠剂[6][7]、铅酸蓄电池的电解质、肥料、炼油厂材料及化学合成剂等。\n硫酸被广泛生产，最常用的工业方法为接触法。',0,'','https://zh.wikipedia.org/wiki/%E7%A1%AB%E9%85%B8'),
	(141,'2017-04-18 22:18:24','2017-04-19 11:33:35','ZnSO4',2,'ZnSO<sub>4</sub>','硫酸锌','Zinc sulfate','','',0,'硫酸锌（化学式：ZnSO4）是最重要的锌盐，为无色斜方晶体或白色粉末，其七水合物（ZnSO4·7H2O）俗称皓矾，是一种天然矿物。',0,'','https://zh.wikipedia.org/wiki/%E7%A1%AB%E9%85%B8%E9%94%8C'),
	(142,'2017-04-18 22:18:40','2017-04-19 11:33:35','H2CO3',2,'H<sub>2</sub>CO<sub>3</sub>','碳酸','Carbonic acid','','',0,'碳酸（英语：Carbonic acid），原来也称挥发酸（Volatile acid）和呼吸酸（Respiratory acid），[1] 化学式H2CO3，是酸的一种。二氧化碳（CO2）溶于水后，一部分二氧化碳会与水化合，形成碳酸。该反应是一个可逆反应，[2]方程式如下：\nCO2 + H2O ⇌ H2CO3\n该反应在常温下的平衡常数是Kh=1.70×10−3；因此大部分二氧化碳都不会参与反应。假若没有催化剂存在，反应速率十分缓慢，其反应速率常数仅为0.039 s−1（正反应）以及23 s−1（逆反应）。\n碳酸是无机物。',0,'','https://zh.wikipedia.org/wiki/%E7%A2%B3%E9%85%B8'),
	(143,'2017-04-18 22:21:19','2017-04-19 11:33:35','Ca(OH)2',2,'Ca(OH)<sub>2</sub>','氢氧化钙','Calcium hydroxide','','',0,'氢氧化钙，化学式Ca(OH)2，俗称熟石灰、石灰水或消石灰，是一种微溶于水之白色固体，其水溶液常称为石灰水（量大时，可形成石灰乳或石灰浆），呈碱性。在空气中吸收二氧化碳和水等从而变质，通常称其具有吸水性。一般用于建筑或酸性土地的改良。',0,'','https://zh.wikipedia.org/wiki/%E6%B0%A2%E6%B0%A7%E5%8C%96%E9%92%99'),
	(144,'2017-04-18 22:21:33','2017-04-19 11:33:35','CaCO3',2,'CaCO<sub>3</sub>','碳酸钙','Calcium carbonate','','',0,'碳酸钙，俗称灰石、石灰石、石粉、大理石、方解石，是一种化合物，化学式为CaCO3，呈碱性，在纯水中溶解度甚小 (Ksp = 4.8×10-9)，可溶于酸中。\n碳酸钙在地球上存量丰富，并以许多形式存在于岩石、矿物与生物体，如: 霰石、方解石、白垩、石灰岩、大理石、石灰华。亦为动物骨骼或外壳(如:爬虫类与双壳纲)的主要成分。碳酸钙亦为水垢的主要成分，通常借由水中的钙离子与碳酸根离子结合所生成的，时常发生在水质硬度较高的地区。碳酸钙亦为农用石灰中的有效成分之一，可用于中和土壤酸性，但过度使用也有造成土壤盐碱化的风险。 在医学应用方面，碳酸钙亦是常用的钙质来源，也常做为抑酸剂中的有效成分[3]之一。',0,'','https://zh.wikipedia.org/wiki/%E7%A2%B3%E9%85%B8%E9%88%A3'),
	(145,'2017-04-18 22:22:36','2017-04-19 11:33:35','CaCl2',2,'CaCl<sub>2</sub>','氯化钙','Calcium chloride','','',0,'氯化钙，由氯和钙构成，化学式为CaCl2。它是典型的离子型卤化物，室温为白色固体。应用于致冷设备所用的盐水、道路融冰剂和干燥剂等。因为它在空气中易吸水潮解[5]，故无水氯化钙应在容器中密封储藏。氯化钙及其水合物和溶液在食品制造、建筑材料、医学和生物学等多个方面均有重要的应用价值。',0,'','https://zh.wikipedia.org/wiki/%E6%B0%AF%E5%8C%96%E9%88%A3'),
	(146,'2017-04-18 22:24:53','2017-04-19 11:33:35','CaO',2,'CaO','氧化钙','Calcium oxide','','',0,'氧化钙，俗称生石灰或石灰，化学式CaO，是常见的无机化合物。氧化钙通常从石灰石或贝壳获取，将含有碳酸钙的物质加热至500–600℃，使它分解成氧化钙和二氧化碳。这是少数史前已为人所知的化学反应。',0,'','https://zh.wikipedia.org/wiki/%E6%B0%A7%E5%8C%96%E9%88%A3'),
	(147,'2017-04-18 22:25:10','2017-04-19 11:33:35','Na2CO3',2,'Na<sub>2</sub>CO<sub>3</sub>','碳酸钠','Sodium carbonate','','',0,'碳酸钠（sodium carbonate），俗名苏打(soda)、纯碱(soda ash 、soda crystals)、洗涤碱(washing soda)，生活中亦常称“碱”。化学式：Na2CO3，普通情况下为白色粉末，为强电解质。密度为2.532g/cm3，熔点为850℃，易溶于水，具有盐的通性。',0,'','https://zh.wikipedia.org/wiki/%E7%A2%B3%E9%85%B8%E9%92%A0'),
	(148,'2017-04-18 22:27:25','2017-04-19 11:33:35','NaCl',2,'NaCl','氯化钠','Sodium chloride','','',0,'氯化钠是食盐的主要成分，化学式为NaCl。氯化钠是海水中盐分的主要组成部分，是最常见的调味料。摄取过量的盐易得高血压[1]。\n氯化钠的主要工业产品有氢氧化钠和氯，也被用于许多工业过程，例如聚氯乙烯、塑料、木浆（纸浆）和许多其他产品的生产。',0,'','https://zh.wikipedia.org/wiki/%E6%B0%AF%E5%8C%96%E9%92%A0'),
	(149,'2017-04-18 22:28:14','2017-04-19 11:33:35','ZnCl2',2,'ZnCl<sub>2</sub>','氯化锌','Zinc chloride','','',0,'氯化锌（ZnCl2）是氯和锌的化合物，该名称亦用来称呼它的水合物。无色或白色，有极强的水溶性和吸湿性，甚至会潮解，应在干燥处密封储存，避免与空气中的水蒸气接触。\n在纺织加工、焊接、化学合成等方面，氯化锌有着广泛应用。',0,'','https://zh.wikipedia.org/wiki/%E6%B0%AF%E5%8C%96%E9%94%8C'),
	(150,'2017-04-18 22:30:35','2017-04-19 11:33:35','FeSO4',2,'FeSO<sub>4</sub>','硫酸亚铁','Iron(II) sulfate','','',0,'硫酸亚铁、硫酸铁(II)是化学式为FeSO4的无机化合物，最常使用的是它蓝绿色的七水合物。\n无水晶体的标准摩尔生成焓为ΔfH°solid = -928.4 kJ.mol-1，标准摩尔熵S°solid = 107.5 J.K-1.mol-1。',0,'','https://zh.wikipedia.org/wiki/%E7%A1%AB%E9%85%B8%E4%BA%9A%E9%93%81'),
	(151,'2017-04-18 22:31:37','2017-04-19 11:33:35','FeCl2',2,'FeCl<sub>2</sub>','氯化亚铁','Iron(II) chloride','','',0,'氯化亚铁是铁(II)的氯化物，化学式为FeCl2。它是高熔点顺磁性的固体，从水溶液中结晶得到绿色四水合物，比其无水物应用广泛得多。',0,'','https://zh.wikipedia.org/wiki/%E6%B0%AF%E5%8C%96%E4%BA%9A%E9%93%81'),
	(152,'2017-04-18 22:39:56','2017-04-19 11:33:35','Al2(SO4)3',2,'Al<sub>2</sub>(SO<sub>4</sub>)<sub>3</sub>','硫酸铝','Aluminium sulfate','','',0,'硫酸铝（化学式：Al2(SO4)3）是一个被广泛运用的工业试剂，通常会与明矾混淆。硫酸铝通常被作为絮凝剂，用于提纯饮用水及污水处理设备当中，也用于造纸工业。\n自然状况下，硫酸铝几乎不以无水盐形式存在。它会形成一系列的水合物，其中十六水硫酸铝是最常见的。\n硫酸铝也是一种很有效的软体动物杀虫剂，能杀灭西班牙鼻涕虫（Spanish slugs）。',0,'','https://zh.wikipedia.org/wiki/%E7%A1%AB%E9%85%B8%E9%93%9D'),
	(153,'2017-04-18 22:41:28','2017-04-19 11:33:35','MgCl2',2,'MgCl<sub>2</sub>','氯化镁','Magnesium chloride','','',0,'氯化镁是一种氯化物，化学式MgCl2。无色而易潮解晶体。这些盐是典型的离子卤化物，高度易溶于水。水合氯化镁可以从盐水或海水中提取。通常带有6分子的结晶水。但加热至95℃时失去结晶水。135℃以上时开始分解，并释放出氯化氢（HCl）气体。工业上生产镁的原料。在海水和盐卤中找到。水合氯化镁是处方口服镁补充剂通常使用的物质。',0,'','https://zh.wikipedia.org/wiki/%E6%B0%AF%E5%8C%96%E9%95%81'),
	(154,'2017-04-18 22:43:28','2017-04-19 11:33:35','CuSO4',2,'CuSO<sub>4</sub>','硫酸铜','Copper(II) sulfate','','',0,'硫酸铜，又称蓝矾，化学式CuSO4[1][2]，无水为白色粉末，含水为蓝色粉末，或因不纯而呈淡灰绿色，是可溶性铜盐。硫酸铜常见的形态为其结晶体，一水合硫酸四水合铜(［Cu（H2O）4］SO4·H2O，五水合硫酸铜），为蓝色固体。其水溶液因水合铜离子的缘故而呈现出蓝色，故在实验室里无水硫酸铜常被用于检验水的存在。在现实生产生活中，硫酸铜常用于炼制精铜，与熟石灰混合可制农药波尔多液。硫酸铜属于重金属盐，有毒，成人致死剂量0.9g/kg。若误食，应立即大量食用或饮用牛奶、鸡蛋清等富含蛋白质食品，或者使用EDTA钙钠盐解毒。',0,'','https://zh.wikipedia.org/wiki/%E7%A1%AB%E9%85%B8%E9%93%9C'),
	(155,'2017-04-18 22:45:01','2017-04-19 11:33:35','CuCl2',2,'CuCl<sub>2</sub>','氯化铜','Copper(II) chloride','','',0,'氯化铜是铜(II)的氯化物，化学式为CuCl2。它是黄棕色固体，在空气中缓慢吸收水分生成蓝绿色的二水合物。自然界中氯化铜存在于很稀有的水氯铜矿中。',0,'','https://zh.wikipedia.org/wiki/%E6%B0%AF%E5%8C%96%E9%93%9C'),
	(156,'2017-04-18 22:46:30','2017-04-19 11:33:35','Hg(NO3)2',2,'Hg(NO<sub>3</sub>)<sub>2</sub>','硝酸汞','Mercury(II) nitrate','','',0,'硝酸汞（化学式：Hg(NO3)2）是一种主要用于实验室的化学试剂。',0,'','https://zh.wikipedia.org/wiki/%E7%A1%9D%E9%85%B8%E6%B1%9E'),
	(157,'2017-04-18 22:47:47','2017-04-19 11:33:35','Cu(NO3)2',2,'Cu(NO<sub>3</sub>)<sub>2</sub>','硝酸铜','Copper(II) nitrate','','',0,'硝酸铜是铜(II)的硝酸盐，化学式为Cu(NO3)2。无水物和水合物都是蓝色晶体，但性质有很大不同。水合硝酸铜常用于在学校中演示原电池反应。',0,'','https://zh.wikipedia.org/wiki/%E7%A1%9D%E9%85%B8%E9%93%9C'),
	(158,'2017-04-18 22:48:49','2017-04-19 11:33:35','Na2O',2,'Na<sub>2</sub>O','氧化钠','Sodium oxide','','',0,'氧化钠，分子式Na2O，是钠的正常氧化物，常温下是白色固体。其性质极活泼，为碱性氧化物，与水反应生成氢氧化钠。在空气中加热能生成浅黄色的过氧化钠。',0,'','https://zh.wikipedia.org/wiki/氧化钠'),
	(159,'2017-04-18 22:50:03','2017-04-19 11:33:35','NaOH',2,'NaOH','氢氧化钠','Sodium hydroxide','','',0,'氢氧化钠，又称烧碱和苛性钠，化学式为NaOH，是一种具有高腐蚀性的强碱，一般为白色片状或颗粒，能溶于水生成碱性溶液，另也能溶解于甲醇及乙醇。此碱性物具有潮解性，会吸收空气里的水蒸气，亦会吸取二氧化碳等酸性气体。\n氢氧化钠为常用的化学品之一。其应用广泛，为很多工业过程的必需品：常用于制造木浆纸张、纺织品、肥皂及其他清洁剂等，另也用于家居碱性通渠用品。2004年全球总共制造了六千万吨的氢氧化钠，而总消耗量为五千一百万吨。[2]',0,'','https://zh.wikipedia.org/wiki/%E6%B0%A2%E6%B0%A7%E5%8C%96%E9%92%A0'),
	(160,'2017-04-18 22:52:08','2017-04-19 11:33:35','Na2SO3',2,'Na<sub>2</sub>SO<sub>3</sub>','亚硫酸钠','Sodium sulfite','','',0,'亚硫酸钠（化学式：Na2SO3）是一个无机化合物。它在室温下为白色颗粒粉末，可溶于水，具还原性，加热时歧化为硫化钠和硫酸钠，放置于空气中时逐渐氧化为硫酸钠。它可以以无水物、七水物和十水物三种形式存在，其中以无水物最不易被氧化[1]。其水溶液因水解而呈碱性，酸化时放出有毒的二氧化硫气体。亚硫酸钠可通过二氧化硫通入氢氧化钠溶液中制得，当二氧化硫过量时，则生成亚硫酸氢钠。\n亚硫酸钠可用作显影剂、干果和肉类的防腐剂、印染工业中的脱氧剂，以及用作还原性的化学试剂，应用在化工和实验室的生产与合成中。',0,'','https://zh.wikipedia.org/wiki/%E4%BA%9A%E7%A1%AB%E9%85%B8%E9%92%A0'),
	(161,'2017-04-18 22:54:18','2017-04-19 11:33:35','Na2SO4',2,'Na<sub>2</sub>SO<sub>4</sub>','硫酸钠','Sodium sulfate','','',0,'硫酸钠（化学式：Na2SO4）是硫酸根与钠离子化合生成的盐。\n硫酸钠溶于水且其水溶液呈中性。溶于甘油而不溶于乙醇。暴露于空气容易吸水生成十水合硫酸钠。在241℃时硫酸钠会转变成六方型结晶。纯度高且颗粒细的无水硫酸钠称为元明粉，十水合硫酸钠俗称芒硝。硫酸钠味苦而咸。',0,'','https://zh.wikipedia.org/wiki/%E7%A1%AB%E9%85%B8%E9%92%A0'),
	(162,'2017-04-18 22:58:31','2017-04-19 11:33:35','CaSO3',2,'CaSO<sub>3</sub>','亚硫酸钙','Calcium sulfite','','',0,'暂时没有信息',0,'','https://en.wikipedia.org/wiki/Calcium_sulfite'),
	(163,'2017-04-18 23:28:38','2017-04-19 11:33:35','Fe2(SO4)3',2,'Fe<sub>2</sub>(SO<sub>4</sub>)<sub>3</sub>','硫酸铁','Iron(III) sulfate','','',0,'硫酸铁是铁(III)的硫酸盐，化学式为Fe2(SO4)3。通常为黄色可溶于水的晶体，为正交晶系。它被用作媒染剂以及工业废水的凝结剂，也用于颜料中。[1]医药上用硫酸铁作收敛剂和止血剂。[2]\n大量的硫酸铁可通过硫酸、硫酸亚铁热溶液与氧化剂如硝酸或过氧化氢反应得到。[3]\n{\\displaystyle {\\rm {2FeSO_{4}+H_{2}SO_{4}+H_{2}O_{2}{=\\!=\\!=\\!=}Fe_{2}(SO_{4})_{3}+2H_{2}O}}} {\\displaystyle {\\rm {2FeSO_{4}+H_{2}SO_{4}+H_{2}O_{2}{=\\!=\\!=\\!=}Fe_{2}(SO_{4})_{3}+2H_{2}O}}}\n国内的硫酸铁试剂通常为含铁量21~23%的“Fe2(SO4)3·xH2O”，即x≈6，相对分子质量约为507.73。',0,'','https://zh.wikipedia.org/wiki/%E7%A1%AB%E9%85%B8%E9%93%81'),
	(164,'2017-04-18 23:29:29','2017-04-19 11:33:35','MgSO4',2,'MgSO<sub>4</sub>','硫酸镁','Magnesium sulfate','','',0,'硫酸镁(magnesium sulfate、magnesium sulphate)，或无水硫酸镁，是一种含镁的化合物，分子式为MgSO4（或MgSO4·7H2O）。无水的硫酸镁是一种常用的化学试剂及干燥试剂。但是硫酸镁常指七水硫酸镁，因为它不容易潮解，比无水硫酸镁更容易称量，便于在工业中进行的定量控制。',0,'','https://zh.wikipedia.org/wiki/%E7%A1%AB%E9%85%B8%E9%95%81'),
	(165,'2017-04-18 23:30:34','2017-04-19 11:33:35','Cu(OH)2',2,'Cu(OH)<sub>2</sub>','氢氧化铜','Copper(II) hydroxide','','',0,'氢氧化铜（化学式：Cu(OH)2）是金属铜的氢氧化物。它是一种淡蓝色固体，某些市售的氢氧化铜中混有一些碳酸铜，颜色偏绿。',0,'','https://zh.wikipedia.org/wiki/%E6%B0%A2%E6%B0%A7%E5%8C%96%E9%93%9C'),
	(166,'2017-04-18 23:30:41','2017-04-19 11:33:35','Fe(OH)3',2,'Fe(OH)<sub>3</sub>','氢氧化铁','Iron(III) oxide-hydroxide','','',0,'氢氧化铁（化学式：Fe(OH)3或FeO(OH)·H2O）是铁的氢氧化物，由三价铁离子（Fe3+）和氢氧根离子（OH−）生成：\nFe3+ + 3OH− → Fe(OH)3\n也可以由氢氧化亚铁[Fe(OH)2]氧化得来：\n4Fe(OH)2 + O2 + 2H2O → 4Fe(OH)3\n它是一种黄棕色沉淀，成分一般看作是铁（Ⅲ）的羟基氧化物的水合物。加热分解成三氧化二铁和水：\n2Fe(OH)3 → Fe2O3 + 3H2O\n新沉淀出来的水合氧化铁（Ⅲ）易溶于无机酸，也略溶于碱溶液中生成铁（Ⅲ）酸盐（FeO2−）。这类铁酸盐也可以从氧化铁（Ⅲ）和碱金属氧化物、氢氧化物或碳酸盐的熔融混合物中制得。\n氢氧化铁（Ⅲ）是一个未确知的化合物，氨水或碱溶液作用于铁（Ⅲ）盐溶液所得到的红棕色或黄棕色沉淀，经X射线晶体学研究是非晶态的，它含有可变量的水。一般认为该沉淀含有FeO(OH)，至少有两种结晶变体：α-FeO(OH)（针铁矿）和γ-FeO(OH)（纤铁矿），铁的正常生锈产生的是γ-变体。[1]',0,'','https://zh.wikipedia.org/wiki/%E6%B0%A2%E6%B0%A7%E5%8C%96%E9%93%81'),
	(167,'2017-04-18 23:33:18','2017-04-19 11:33:35','FeCl3',2,'FeCl<sub>3</sub>','氯化铁','Iron(III) chloride','','',0,'氯化铁（FeCl3）又称三氯化铁，是三价铁的氯化物。它易潮解，在潮湿的空气会水解，溶于水时会释放大量热，并产生啡色的酸性溶液。这个溶液可蚀刻铜制的金属，甚至不锈钢。\n无水的氯化铁是很强的路易斯酸，可用作有机合成的催化剂。啡黄色的六水物是氯化铁常见的商业制品，其结构为[FeCl2(H2O)4]Cl·2H2O（参见三氯化铬）。\n加热至约315℃，氯化铁便熔，然后变成气态。气体内含有一些Fe2Cl6（参见氯化铝），会渐渐分解成氯化亚铁（FeCl2）和氯气（Cl2）。',0,'','https://zh.wikipedia.org/wiki/%E6%B0%AF%E5%8C%96%E9%93%81'),
	(168,'2017-04-18 23:34:06','2017-04-19 11:33:35','NaHCO3',2,'NaHCO<sub>3</sub>','碳酸氢钠','Sodium hydrogen carbonate','','',0,'碳酸氢钠（sodium bicarbonate (IUPAC name: sodium hydrogen carbonate)）化学式：NaHCO3），俗称小苏打、苏打粉（soda ash、bread soda）、重曹（bicarbonate of soda）、焙用碱（baking soda、cooking soda）等，白色细小晶体，在水中的溶解度小于苏打，呈弱碱性。',0,'','https://zh.wikipedia.org/wiki/%E7%A2%B3%E9%85%B8%E6%B0%A2%E9%92%A0'),
	(169,'2017-04-18 23:34:51','2017-04-19 11:33:35','AgNO3',2,'AgNO<sub>3</sub>','硝酸银','Silver nitrate','','',0,'硝酸银化学式为AgNO3，无色晶体，易溶于水，遇有机物变灰黑色，分解出银。纯硝酸银对光稳定，但由于一般的产品纯度不够，其水溶液和固体常被保存在棕色试剂瓶中。\n硝酸银溶液由于含有大量银离子，故氧化性较强，并有一定腐蚀性，医学上用于腐蚀增生的肉芽组织，稀溶液用于眼部感染的杀菌剂。[来源请求]',0,'','https://zh.wikipedia.org/wiki/%E7%A1%9D%E9%85%B8%E9%93%B6'),
	(170,'2017-04-18 23:50:36','2017-04-19 11:33:35','AgCl',2,'AgCl','氯化银','Silver(I) chloride','','',0,'氯化银是银的氯化物，化学式AgCl。其天然矿物称为角银矿，亦可由可溶的银化合物如硝酸银与氯离子反应获得。',0,'','https://zh.wikipedia.org/wiki/%E6%B0%AF%E5%8C%96%E9%93%B6'),
	(171,'2017-04-18 23:51:41','2017-04-19 11:33:35','HNO3',2,'HNO<sub>3</sub>','硝酸','Nitric acid','','',0,'硝酸（分子式：HNO3）是一种强酸，其水溶液俗称硝镪水或镪水或氮酸。纯硝酸为无色液体，沸点83℃，在-42℃时凝结为无色晶体，与水混溶，有强氧化性和腐蚀性。其不同浓度水溶液性质有别，市售浓硝酸为共沸物，溶质质量分数为69.2%，一大气压下沸点为121.6℃，密度为1.42g·cm-3，约16mol·L-1，溶质质量分数足够大（市售浓度最高为98%以上）的，称为发烟硝酸，硝酸是一种重要的化工原料。\n硝酸的酸酐是五氧化二氮（N2O5）。',0,'','https://zh.wikipedia.org/wiki/%E7%A1%9D%E9%85%B8'),
	(172,'2017-04-18 23:53:25','2017-04-19 11:33:35','BaCl2',2,'BaCl<sub>2</sub>','氯化钡','Barium chloride','','',0,'氯化钡（化学式：BaCl2）是钡的氯化物，有毒，灼烧时产生黄绿色的光。',0,'','https://zh.wikipedia.org/wiki/%E6%B0%AF%E5%8C%96%E9%8B%87'),
	(173,'2017-04-18 23:53:32','2017-04-19 11:33:35','BaSO4',2,'BaSO<sub>4</sub>','硫酸钡','Barium sulfate','','',0,'硫酸钡，也称作钡白，是一种白色结晶固体，化学式为BaSO4，几乎不溶于水和其他传统溶剂，溶于浓硫酸。重晶石的主要成分是硫酸钡，是常见的钡矿石。硫酸钡是一种常见的实验室和工业用化学品。',0,'','https://zh.wikipedia.org/wiki/%E7%A1%AB%E9%85%B8%E9%92%A1'),
	(174,'2017-04-18 23:55:41','2017-04-19 11:33:35','Fe(OH)2',2,'Fe(OH)<sub>2</sub>','氢氧化亚铁','Iron(II) hydroxide','','',0,'氢氧化亚铁，化学式为Fe(OH)2，几乎不溶于水，是一种碱。用碱溶液和含有亚铁离子的盐溶液反应可制得。',0,'','https://zh.wikipedia.org/wiki/%E6%B0%A2%E6%B0%A7%E5%8C%96%E4%BA%9A%E9%93%81'),
	(175,'2017-04-18 23:56:18','2017-04-19 11:33:35','Mg(OH)2',2,'Mg(OH)<sub>2</sub>','氢氧化镁','Magnesium hydroxide','','',0,'氢氧化镁（化学式：Mg(OH)2）是镁的氢氧化物，为白色晶体或粉末，难溶于水，广泛用作阻燃剂、抗酸剂和胃酸中和剂。氢氧化镁在水中的悬浊液称为氢氧化镁乳剂，简称镁乳，用于中和过多的胃酸和治疗便秘。',0,'','https://zh.wikipedia.org/wiki/%E6%B0%A2%E6%B0%A7%E5%8C%96%E9%95%81'),
	(176,'2017-04-18 23:59:39','2017-04-19 11:33:35','NH4Cl',2,'NH<sub>4</sub>Cl','氯化铵','Ammonium chloride','','',0,'氯化铵（化学式：NH4Cl）无色立方晶体或白色结晶，其味咸凉有微苦。易溶于水和液氨，并微溶于醇；但不溶于丙酮和乙醚。水溶液呈弱酸性，加热时酸性增强。\n由于铵离子的配位性，氯化铵溶液对金属有腐蚀性，特别对铜腐蚀更大。',0,'','https://zh.wikipedia.org/wiki/%E6%B0%AF%E5%8C%96%E9%93%B5'),
	(177,'2017-04-19 00:00:08','2017-04-19 11:33:35','NH3',2,'NH<sub>3</sub>','氨','Ammonia','','',0,'氨[3]（英语：Ammonia，或称氨气、阿摩尼亚或无水氨，分子式为NH3）是无色气体，有强烈的刺激气味，极易溶于水。常温常压下，1单位体积水可溶解700倍体积的氨。[2]氨对地球上的生物相当重要，是所有食物和肥料的重要成分。氨也是很多药物和商业清洁用品直接或间接的组成部分，具有腐蚀性等危险性质。\n由于氨有广泛的用途，成为世界上产量最多的无机化合物之一，约八成用于制作化肥。2006年，氨的全球产量估计为1.465亿公吨，主要用于制造商业清洁产品。\n氨可以提供孤电子对，所以也是路易斯碱。',0,'','https://zh.wikipedia.org/wiki/%E6%B0%A8'),
	(178,'2017-04-19 00:01:35','2017-04-19 11:33:35','NaNO3',2,'NaNO<sub>3</sub>','硝酸钠','Sodium nitrate','','',0,'硝酸钠为无机盐的一种，化学式为NaNO3，白色固体粉末，又称为智利硝石或秘鲁硝石（较不常见）。世上最大的硝酸钠矿位于智利阿塔卡马沙漠。\n可由下列化学式合成:\nNaOH(aq) + HNO3(aq) → NaNO3(aq) + H2O(l)\n硝酸钠加热至380℃分解产生亚硝酸钠和氧气 [2][3]。\n硝酸钠具有氧化性，可与铅共热反应产生亚硝酸钠和氧化铅[4]。还在常温下将氢碘酸氧化成碘单质并形成一氧化氮：\n2NaNO3 + 8HI = 2NaI + 3I2 + 2NO↑ + 4H2O [5]\n硝酸钠溶液中引入氢离子后会表现出硝酸的特性：\n4NaNO3 + 4H2SO4 →（加热）4NaHSO4 + 4NO2↑ + O2↑ + 2H2O\nNaNO3(aq) + 3FeCl2 + 4HCl →（加热） NaCl+ 3FeCl3 + NO↑ + 2H2O[6]\n将硝酸钠与氧化钠置于银坩埚中以700°C加热，大约7天后，会生成白色晶体原硝酸钠(Na3NO4)，它对水蒸气及二氧化碳十分敏感。\n硝酸钠为腌制盐的成分之一。',0,'','https://zh.wikipedia.org/wiki/%E7%A1%9D%E9%85%B8%E9%88%89'),
	(179,'2017-04-19 00:02:44','2017-04-19 11:33:35','NH4NO3',2,'NH<sub>4</sub>NO<sub>3</sub>','硝酸铵','Ammonium nitrate','','',0,'硝酸铵, Ammonium nitrate，化学化合物硝酸铵，铵的硝酸盐，具有化学式NH4NO3，简化为N2H4O3。它是一种白色结晶固体，并在水中高度可溶。它主要用于农业作为高氮肥。该化合物被用作采矿炸药，也有时在简易爆炸装置。它是一个流行的炸药，在北美使用爆炸物的主要成分占80％。',0,'','https://zh.wikipedia.org/wiki/%E7%A1%9D%E9%85%B8%E9%93%B5'),
	(180,'2017-04-19 00:03:49','2017-04-19 11:33:35','CuSO4.5H2O',2,'CuSO<sub>4</sub>.5H<sub>2</sub>O','五水合硫酸铜','','','',0,NULL,0,'',''),
	(181,'2017-04-19 00:03:58','2017-04-19 11:33:35','Na2CO3.10H2O',2,'Na<sub>2</sub>CO<sub>3</sub>.10H<sub>2</sub>O','十水合碳酸钠','','','',0,NULL,0,'','');

/*!40000 ALTER TABLE `Element` ENABLE KEYS */;
UNLOCK TABLES;


# Dump of table Emblem
# ------------------------------------------------------------

DROP TABLE IF EXISTS `Emblem`;

CREATE TABLE `Emblem` (
  `id` int(11) unsigned NOT NULL AUTO_INCREMENT,
  `create_time` timestamp NULL DEFAULT CURRENT_TIMESTAMP,
  `update_time` timestamp NULL DEFAULT CURRENT_TIMESTAMP ON UPDATE CURRENT_TIMESTAMP,
  `emblemID` varchar(4) DEFAULT '',
  `name` varchar(512) DEFAULT '',
  `url` varchar(1024) DEFAULT '',
  PRIMARY KEY (`id`)
) ENGINE=InnoDB DEFAULT CHARSET=utf8;



# Dump of table Epic
# ------------------------------------------------------------

DROP TABLE IF EXISTS `Epic`;

CREATE TABLE `Epic` (
  `id` int(11) unsigned NOT NULL AUTO_INCREMENT,
  `create_time` timestamp NULL DEFAULT CURRENT_TIMESTAMP,
  `update_time` timestamp NULL DEFAULT CURRENT_TIMESTAMP ON UPDATE CURRENT_TIMESTAMP,
  `epicID` varchar(512) DEFAULT '',
  `ref_epicID` varchar(512) DEFAULT '',
  `history` text,
  PRIMARY KEY (`id`)
) ENGINE=InnoDB DEFAULT CHARSET=utf8;



# Dump of table Formula
# ------------------------------------------------------------

DROP TABLE IF EXISTS `Formula`;

CREATE TABLE `Formula` (
  `id` int(11) unsigned NOT NULL AUTO_INCREMENT,
  `create_time` timestamp NULL DEFAULT CURRENT_TIMESTAMP,
  `update_time` timestamp NULL DEFAULT CURRENT_TIMESTAMP ON UPDATE CURRENT_TIMESTAMP,
  `formulaID` varchar(64) DEFAULT '',
  `name` varchar(64) DEFAULT '',
  `phenomenon` varchar(1024) DEFAULT '' COMMENT '现象',
  `principle` varchar(1024) DEFAULT '' COMMENT '原理',
  `detail` text,
  PRIMARY KEY (`id`)
) ENGINE=InnoDB DEFAULT CHARSET=utf8;

LOCK TABLES `Formula` WRITE;
/*!40000 ALTER TABLE `Formula` DISABLE KEYS */;

INSERT INTO `Formula` (`id`, `create_time`, `update_time`, `formulaID`, `name`, `phenomenon`, `principle`, `detail`)
VALUES
	(1,'2017-04-19 13:06:51','2017-04-19 16:43:47','1','碳在氧气中充分燃烧','燃烧旺盛，发白光，放热，生成的气体能使石灰水变浑浊','','煤炉底层的反应（与氧气充分接触）也是炼钢的原理。炼钢就是通过碳与氧气的反应，减少生铁中碳元素的含量。\n生铁的含碳量为2%~4.3%，钢的含碳量为0.03~2%。'),
	(2,'2017-04-19 16:40:21','2017-04-19 16:44:00','2','碳在氧气中不充分燃烧','蓝色火焰，放热，生成有毒的气体。','','煤气中毒的原因，如果中毒，应立即抬到室外吸氧，或到医院做高压氧。CO也是空气污染物之一。'),
	(3,'2017-04-19 16:52:46','2017-04-19 16:52:46','3','硫在氧气中燃烧','产生明亮的蓝紫色火焰，放热，生成的气体有刺激味气体。','','硫在空气中燃烧是淡蓝色火焰。'),
	(4,'2017-04-19 16:52:46','2017-04-19 16:52:46','4','红磷在氧气中燃烧','剧烈燃烧，放热，有浓厚的白烟生成。','',''),
	(5,'2017-04-19 16:52:46','2017-04-19 16:52:46','5','氢气在空气中燃烧','燃烧，放热，淡蓝色火焰，干燥的烧杯壁有水雾出现。','',''),
	(6,'2017-04-19 16:52:46','2017-04-19 16:52:46','6','镁条子空气中燃烧','剧烈燃烧，发出耀眼的白光，放出大量的热，生成白色粉末。','',''),
	(7,'2017-04-19 16:52:46','2017-04-19 16:52:46','7','铁丝在氧气中燃烧','剧烈燃烧，火星四射，放出大量的热，生成黑色固体。','','注意：\n* 做此实验时，瓶底要放少量细沙或水，防止生成的高温的熔化物溅落炸裂瓶底。\n* 铁在空气中不能燃烧，所以实验时，铁丝一端要系一根火柴，待火柴即将燃尽时放入氧气瓶中，用火柴在氧气中燃烧的热量引燃铁丝。'),
	(8,'2017-04-19 16:52:46','2017-04-19 16:52:46','8','氧气通过灼热的铜网','红色金属铜变为黑色固体。','',''),
	(9,'2017-04-19 16:52:46','2017-04-19 16:52:46','9','铝箔在氧气中燃烧','剧烈燃烧，放热，耀眼的白光，生成白色固体。','',''),
	(10,'2017-04-19 16:52:46','2017-04-19 16:52:46','10','密闭容器中加热金属汞','银白色的液体变成桔红色粉末，同时容器里的空气的体积差不多减少了1/5。','','拉瓦锡著名的测定空气成分的实验。'),
	(11,'2017-04-19 16:52:46','2017-04-19 16:52:46','11','一氧化碳在氧气中燃烧','蓝色火焰，放热，生成的气体能使石灰水变浑浊。','','煤气中毒的原因，CO吸进肺里很容易跟血液里的血红蛋白结合造成缺氧，严重者会导致死亡。如果中毒，应立即抬到室外吸氧，或到医院做高压氧。CO也是空气污染物之一。'),
	(12,'2017-04-19 16:52:46','2017-04-19 16:52:46','12','甲烷在空气中燃烧','蓝色火焰，放热，生成的气体能使石灰水变浑浊，干燥的烧杯内壁上出现水雾。','','甲烷是天然气、沼气的主要成分。'),
	(13,'2017-04-19 16:52:46','2017-04-19 16:52:46','13','酒精（也叫乙醇）在空气中燃烧','蓝色火焰，产生使石灰水变浑浊的气体，放热，干燥的烧杯内壁上出现水雾。','',''),
	(14,'2017-04-19 16:52:46','2017-04-19 16:52:46','14','过氧化氢分解制取氧气','加入二氧化锰后，迅速产生气泡，生成的气体能使带火星的木条复燃。','','用二氧化锰做催化剂。'),
	(15,'2017-04-19 16:52:46','2017-04-19 16:52:46','15','加热高锰酸钾','导管口有气泡产生，生成的气体使带火星木条复燃。','','注意：MnO2在这里是生成物，不是催化剂。'),
	(16,'2017-04-19 16:52:46','2017-04-19 16:52:46','16','加热氯酸钾和二氧化锰的混合物','二氧化锰做催化剂','','导管口有气泡产生，生成的气体使带火星的木条复燃（实验室制氧气的原理）'),
	(17,'2017-04-19 16:52:46','2017-04-19 16:52:46','17','水通直流电（电解水）','电源两极产生气泡，体积比是2:1，阴极产生的气体能燃烧，阳极产生的气体能使带火星的木条复燃。','',''),
	(18,'2017-04-19 16:52:46','2017-04-19 16:52:46','18','加热分解氧化汞','红色固体变为银白色液体，生成的气体使带火星木条复燃，（不适合制氧气，因为汞有毒）','',''),
	(19,'2017-04-19 16:52:46','2017-04-19 16:52:46','19','氢气在空气中燃烧（可燃性）','淡蓝火焰，放热，干燥的烧杯内壁上出现水雾。','','注意：* 放出的热量是同质量汽油的三倍，是理想的高能燃料。因为原料是水来源广泛，热能高，生成水对环境没有污染。\n* 点燃氢气前，一定要检验氢气的纯度，否则点燃不纯的氢气会发生爆炸！'),
	(20,'2017-04-19 16:52:46','2017-04-19 16:52:46','20','氢气还原氧化铜（还原性）','黑色逐渐变为红色，试管内壁出现水雾。','',''),
	(21,'2017-04-19 16:52:46','2017-04-19 16:52:46','21','用锌和稀硫酸反应制取氢气','锌粒逐渐溶解，并有大量气泡产生。','','实验室制备氢气。'),
	(22,'2017-04-19 16:52:46','2017-04-19 16:52:46','22','二氧化碳通过灼热的碳层','生成有毒的气体','','煤炉中层的的反应，是一个吸热反应'),
	(23,'2017-04-19 16:52:46','2017-04-19 16:52:46','23','碳在高温下还原氧化铜','黑色粉末中出现红色固体，产生使澄清石灰水变浑浊的气体。','','碳获得氧发生氧化反应，是还原剂。氧化铜提供氧，是氧化剂。'),
	(24,'2017-04-19 16:52:46','2017-04-19 16:52:46','24','碳在高温条件下还原氧化铁','红色固体变成黑色，生成的气体使澄清的石灰水变浑浊。','','是冶炼金属的原理，碳具有还原性，发生氧化反应是还原剂。'),
	(25,'2017-04-19 16:52:46','2017-04-19 16:52:46','25','碳在高温下还原四氧化三铁','红色固体变成黑色，生成的气体使澄清的石灰水变浑浊。','','是冶炼金属的原理，碳具有还原性，发生氧化反应是还原剂。'),
	(26,'2017-04-19 16:52:46','2017-04-19 16:52:46','26','一氧化碳还原氧化铜','黑色粉末逐渐变成红色，产生使澄清石灰水变浑浊的气体。','',''),
	(27,'2017-04-19 16:52:46','2017-04-19 16:52:46','27','一氧化碳高温条件下还原氧化铁','红色固体变成黑色，生成的气体使澄清的石灰水变浑浊。','','是高炉炼铁的原理。CO夺得氧，使氧化铁发生还原反应，一氧化碳具有还原性，是还原剂。'),
	(28,'2017-04-19 16:52:46','2017-04-19 16:52:46','28','一氧化碳在高温的条件下还原四氧化三铁','生成的气体使澄清的石灰水变浑浊。','','Fe3O4提供氧，使CO发生氧化反应，所以Fe3O4具有氧化性，是氧化剂。'),
	(29,'2017-04-19 16:52:46','2017-04-19 16:52:46','29','二氧化碳溶于水并与水反应生成碳酸','表观看不到有什么现象发生，为了证明CO2能与水反应，常把CO2通过紫色的石蕊溶液，观察到石蕊溶液变成红色，实际上是碳酸使石蕊变红。','',''),
	(30,'2017-04-19 16:52:46','2017-04-19 16:52:46','30','碳酸不稳定常温下就分解','','',''),
	(31,'2017-04-19 16:52:46','2017-04-19 16:52:46','31','石灰水与二氧化碳的反应','澄清石灰水变浑浊。','','用于鉴定检验CO2的存在，或鉴定混合气体中是否有CO2。'),
	(32,'2017-04-19 16:52:46','2017-04-20 00:05:39','32','石灰石与稀盐酸反应','固体逐渐溶解，同时表面有大量气泡产生，生成的气体使澄清石灰水变浑浊。','','用石灰石制取CO2，原料经济、易得、反应速率适中，产生的气体便于收集。\n注意：实验室制取CO2，不能用稀硫酸代替盐酸，因为硫酸钙微溶，会覆盖在石灰石表面阻止反应。'),
	(33,'2017-04-19 16:52:46','2017-04-19 16:52:46','33','高温煅烧石灰石','','','注意：实际上二氧化碳只是它的副产品，主要产品是生石灰。'),
	(34,'2017-04-19 16:52:46','2017-04-19 16:52:46','34','纯碱溶液与盐酸反应','固体表面迅速产生大量气泡，固体同时溶解消失，产生的气体使澄清石灰水变浑浊的气体。','','泡沫灭火器的反应原理。\n注意：此反应不适于实验室制取二氧化碳，反应速率太快，来不及收集，适合作泡沫灭火器的原料！'),
	(35,'2017-04-19 16:52:46','2017-04-19 16:52:46','35','锌和稀盐酸反应','有大量气泡产生，锌粒逐渐溶解。','','实验室制氢气。'),
	(36,'2017-04-19 16:52:46','2017-04-19 16:52:46','36','铁和稀硫酸反应','有气泡产生，铁钉逐渐溶解，溶液呈浅绿色。','','铁在置换反应中，都生成二价铁，二价铁离子的溶液都是浅绿色。'),
	(37,'2017-04-19 16:52:46','2017-04-19 16:52:46','37','铁和稀盐酸反应','有气泡产生，铁钉逐渐溶解，溶液呈浅绿色。','','铁在置换反应中，都生成二价铁，二价铁离子的溶液都是浅绿色。'),
	(38,'2017-04-19 16:52:46','2017-04-19 16:52:46','38','铝和稀硫酸反应','产生大量气泡，铝片逐渐溶解。','','反应速率大于锌和铁，小于镁'),
	(39,'2017-04-19 16:52:46','2017-04-19 16:52:46','39','镁条与盐酸溶液反应','有大量气泡产生，镁条迅速溶解消失。','','反应速率太快，不便于收集，不适宜实验室制取氢气。'),
	(40,'2017-04-19 16:52:46','2017-04-19 16:52:46','40','铁和硫酸铜溶液反应','铁的表面覆上一层红色物质铜。','',''),
	(41,'2017-04-19 16:52:46','2017-04-19 16:52:46','41','铁和氯化铜溶液反应','铁的表面覆上一层红色物质铜。','',''),
	(42,'2017-04-19 16:52:46','2017-04-19 16:52:46','42','锌和硫酸铜溶液反应','铁的表面覆上一层红色物质铜。','',''),
	(43,'2017-04-19 16:52:46','2017-04-19 16:52:46','43','铜和硝酸汞溶液反应','铜的表面覆上一层银白色物质汞。','',''),
	(44,'2017-04-19 16:52:46','2017-04-19 16:52:46','44','氧化钠与水反应生成氢氧化钠','白色粉末消失溶液无色，制烧碱。','',''),
	(45,'2017-04-19 16:52:46','2017-04-19 16:52:46','45','氧化钙与水反应生成氢氧化钙','放出大量的热','','生石灰溶于水制取熟石灰。'),
	(46,'2017-04-19 16:52:46','2017-04-19 16:52:46','46','二氧化硫与水反应生成亚硫酸','','',''),
	(47,'2017-04-19 16:52:46','2017-04-19 16:52:46','47','三氧化硫与水反应生成硫酸','','',''),
	(48,'2017-04-19 16:52:46','2017-04-19 16:52:46','48','苛性钠暴露在空气中变质','','','密封保存烧碱的原因。'),
	(49,'2017-04-19 16:52:46','2017-04-19 16:52:46','49','苛性钠吸收二氧化硫气体','','','硫没变价。'),
	(50,'2017-04-19 16:52:46','2017-04-19 16:52:46','50','苛性钠吸收三氧化硫气体','','','硫没变价。'),
	(51,'2017-04-19 16:52:46','2017-04-19 16:52:46','51','消石灰吸收二氧化硫','','',''),
	(52,'2017-04-19 16:52:46','2017-04-19 16:52:46','52','氧化铁和稀盐酸反应','铁锈消失，溶液逐渐变成黄色。','','三价铁离子的溶液都是黄色。'),
	(53,'2017-04-19 16:52:46','2017-04-19 16:52:46','53','氧化铁和稀硫酸反应','铁锈消失，溶液逐渐变成黄色。','','三价铁离子的溶液都是黄色。'),
	(54,'2017-04-19 16:52:46','2017-04-19 16:52:46','54','氧化铜和稀盐酸反应','黑色粉末消失，溶液呈蓝色。','','二价铜离子的溶液都是蓝色。'),
	(55,'2017-04-19 16:52:46','2017-04-19 16:52:46','55','氧化铜和稀硫酸反应','黑色粉末消失，溶液呈蓝色。','','二价铜离子的溶液都是蓝色。'),
	(56,'2017-04-19 16:52:46','2017-04-19 16:52:46','56','氧化镁和稀硫酸反应','白色粉末消失，溶液无色。','',''),
	(57,'2017-04-19 16:52:46','2017-04-19 16:52:46','57','氧化钙和稀盐酸反应','白色粉末消失，溶液无色。','',''),
	(58,'2017-04-19 16:52:46','2017-04-19 16:52:46','58','盐酸和烧碱起反应','','','这类中和反应，表观看不到现象，需用借助酸碱指示剂，才能证明反应是否发生。'),
	(59,'2017-04-19 16:52:46','2017-04-19 16:52:46','59','硫酸和烧碱反应','','','这类中和反应，表观看不到现象，需用借助酸碱指示剂，才能证明反应是否发生。'),
	(60,'2017-04-19 16:52:46','2017-04-19 16:52:46','60','盐酸和氢氧化铜反应','蓝色沉淀消失，溶液变蓝色。','','二价铜离子的溶液都是蓝色。'),
	(61,'2017-04-19 16:52:46','2017-04-19 16:52:46','61','硫酸和氢氧化铜反应','蓝色沉淀消失，溶液变蓝色。','','二价铜离子的溶液都是蓝色。'),
	(62,'2017-04-19 16:52:46','2017-04-19 16:52:46','62','盐酸和氢氧化钙反应','','',''),
	(63,'2017-04-19 16:52:46','2017-04-19 16:52:46','63','盐酸和氢氧化铁反应','红褐色沉淀消失，溶液变黄色。','','三价铁离子的溶液都是黄色。'),
	(64,'2017-04-19 16:52:46','2017-04-19 16:52:46','64','硫酸和氢氧化铁反应','红褐色沉淀消失，溶液变黄色。','','三价铁离子的溶液都是黄色。'),
	(65,'2017-04-19 16:52:46','2017-04-19 16:52:46','65','氢氧化铝药物治疗胃酸过多','','',''),
	(66,'2017-04-19 16:52:46','2017-04-19 16:52:46','66','硫酸和碳酸钠反应','有大量气泡产生，生成无色、无味能使澄清石灰水变浑浊的气体。','',''),
	(67,'2017-04-19 16:52:46','2017-04-19 16:52:46','67','小苏打与稀盐酸反应','生成无色、无味能使澄清石灰水变浑浊的气体。','',''),
	(68,'2017-04-19 16:52:46','2017-04-19 16:52:46','68','盐酸和硝酸银溶液反应','有色沉淀生成，再加稀硝酸沉淀不消失。','','常由于检验氯离子的存在。'),
	(69,'2017-04-19 16:52:46','2017-04-19 16:52:46','69','硫酸和氯化钡溶液反应','生成白色沉淀再加稀硝酸沉淀不消失。','','常用于检验硫酸根离子的存在。硫酸根和氯离子在一起时，应先用氯化钡试剂检验硫酸根，防止生成硫酸银干扰鉴别。'),
	(70,'2017-04-19 16:52:46','2017-04-19 16:52:46','70','氢氧化钠与硫酸铜反应','生成蓝色絮状沉淀。','',''),
	(71,'2017-04-19 16:52:46','2017-04-19 16:52:46','71','氢氧化钠与氯化铜反应','生成蓝色絮状沉淀。','',''),
	(72,'2017-04-19 16:52:46','2017-04-19 16:52:46','72','氢氧化钾与硫酸铜反应','生成蓝色絮状沉淀。','',''),
	(73,'2017-04-19 16:52:46','2017-04-19 16:52:46','73','氢氧化钠与氯化铁反应','生成红褐色沉淀。','',''),
	(74,'2017-04-19 16:52:46','2017-04-19 16:52:46','74','氢氧化钠与硫酸亚铁反应','生成绿色沉淀。','',''),
	(75,'2017-04-19 16:52:46','2017-04-19 16:52:46','75','氢氧化钠与氯化镁反应','生成白色沉淀。','',''),
	(76,'2017-04-19 16:52:46','2017-04-19 16:52:46','76','氢氧化钙与碳酸钠','生成白色沉淀。','',''),
	(77,'2017-04-19 16:52:46','2017-04-19 16:52:46','77','氢氧化钠与铵盐反应','生成的气体有刺激性气味（是氨气）生成的气体能使湿润石蕊试纸变蓝色。','','此反应常用于检验溶液中的铵根离子或铵态氮肥为什么不能与碱性肥料混用的原理。'),
	(78,'2017-04-19 16:52:46','2017-04-19 16:52:46','78','氯化钠溶液和硝酸银溶液','生成不溶于硝酸的白色沉淀。','',''),
	(79,'2017-04-19 16:52:46','2017-04-19 16:52:46','79','硫酸钠和氯化钡','生成不溶于硝酸的白色沉淀。','',''),
	(80,'2017-04-19 16:52:46','2017-04-19 16:52:46','80','碳酸氢铵受潮时常温下就能分解','白色固体消失，管壁有液体，使石灰水变浑浊气体。','','碳酸氢铵长期暴露空气中会分解产生氨气，损失肥效。'),
	(81,'2017-04-19 16:52:46','2017-04-19 16:52:46','81','小苏打受热分解','','',''),
	(82,'2017-04-19 16:52:46','2017-04-19 16:52:46','82','胆矾晶体受热分解，失去结晶水','蓝色晶体变成白色粉末。','',''),
	(83,'2017-04-19 16:52:46','2017-04-19 16:52:46','83','CuSO4遇到水发生反应','白色粉末变成蓝色晶体。','','常用于检验水的存在。'),
	(84,'2017-04-19 16:52:46','2017-04-19 16:52:46','84','纯碱晶体风化','无色晶体变成白色粉末。','','');

/*!40000 ALTER TABLE `Formula` ENABLE KEYS */;
UNLOCK TABLES;


# Dump of table Formula_Condition
# ------------------------------------------------------------

DROP TABLE IF EXISTS `Formula_Condition`;

CREATE TABLE `Formula_Condition` (
  `id` int(11) unsigned NOT NULL AUTO_INCREMENT,
  `create_time` timestamp NULL DEFAULT CURRENT_TIMESTAMP,
  `update_time` timestamp NULL DEFAULT CURRENT_TIMESTAMP ON UPDATE CURRENT_TIMESTAMP,
  `formulaID` varchar(64) DEFAULT '',
  `conditionID` varchar(16) DEFAULT '',
  PRIMARY KEY (`id`)
) ENGINE=InnoDB DEFAULT CHARSET=utf8;

LOCK TABLES `Formula_Condition` WRITE;
/*!40000 ALTER TABLE `Formula_Condition` DISABLE KEYS */;

INSERT INTO `Formula_Condition` (`id`, `create_time`, `update_time`, `formulaID`, `conditionID`)
VALUES
	(1,'2017-04-19 21:11:30','2017-04-19 22:19:48','1','Light'),
	(2,'2017-04-19 21:11:30','2017-04-19 22:19:49','2','Light'),
	(3,'2017-04-19 21:11:30','2017-04-19 22:19:51','3','Light'),
	(4,'2017-04-19 21:11:30','2017-04-19 22:19:52','4','Light'),
	(5,'2017-04-19 21:11:30','2017-04-19 22:19:53','5','Light'),
	(6,'2017-04-19 21:11:30','2017-04-19 22:19:53','6','Light'),
	(7,'2017-04-19 21:11:30','2017-04-19 22:19:54','7','Light'),
	(8,'2017-04-19 21:11:30','2017-04-19 22:19:06','8','Heat'),
	(9,'2017-04-19 21:11:30','2017-04-19 22:19:55','9','Light'),
	(10,'2017-04-19 21:11:30','2017-04-19 22:19:08','10','Heat'),
	(11,'2017-04-19 21:11:30','2017-04-19 22:19:56','11','Light'),
	(12,'2017-04-19 21:11:30','2017-04-19 22:19:58','12','Light'),
	(13,'2017-04-19 21:11:30','2017-04-19 22:19:59','13','Light'),
	(14,'2017-04-19 21:11:30','2017-04-19 22:19:08','15','Heat'),
	(15,'2017-04-19 21:11:30','2017-04-19 22:19:10','16','Heat'),
	(16,'2017-04-19 21:11:30','2017-04-19 22:19:12','18','Heat'),
	(17,'2017-04-19 21:11:30','2017-04-19 22:20:02','19','Light'),
	(18,'2017-04-19 21:11:30','2017-04-19 22:20:09','20','GHeat'),
	(19,'2017-04-19 21:11:30','2017-04-19 22:20:09','22','GHeat'),
	(20,'2017-04-19 21:11:30','2017-04-19 22:20:10','23','GHeat'),
	(21,'2017-04-19 21:11:30','2017-04-19 22:20:11','24','GHeat'),
	(22,'2017-04-19 21:11:30','2017-04-19 22:20:12','25','GHeat'),
	(23,'2017-04-19 21:11:30','2017-04-19 22:19:14','26','Heat'),
	(24,'2017-04-19 21:11:30','2017-04-19 22:20:13','27','GHeat'),
	(25,'2017-04-19 21:11:30','2017-04-19 22:20:14','28','GHeat'),
	(26,'2017-04-19 21:11:30','2017-04-19 22:20:15','33','GHeat'),
	(27,'2017-04-19 21:11:30','2017-04-19 22:19:15','80','Heat'),
	(28,'2017-04-19 21:11:30','2017-04-19 22:19:16','81','Heat'),
	(29,'2017-04-19 21:11:30','2017-04-19 22:19:17','82','Heat'),
	(30,'2017-04-19 21:11:30','2017-04-19 22:19:19','84','Heat');

/*!40000 ALTER TABLE `Formula_Condition` ENABLE KEYS */;
UNLOCK TABLES;


# Dump of table Formula_Element
# ------------------------------------------------------------

DROP TABLE IF EXISTS `Formula_Element`;

CREATE TABLE `Formula_Element` (
  `id` int(11) unsigned NOT NULL AUTO_INCREMENT,
  `create_time` timestamp NULL DEFAULT CURRENT_TIMESTAMP,
  `update_time` timestamp NULL DEFAULT CURRENT_TIMESTAMP ON UPDATE CURRENT_TIMESTAMP,
  `formulaID` varchar(64) DEFAULT '',
  `elementID` varchar(64) DEFAULT '',
  `count` tinyint(4) DEFAULT '0',
  `type` tinyint(4) DEFAULT '0' COMMENT 'reactant=1,resultant=2,catalyst=3',
  PRIMARY KEY (`id`)
) ENGINE=InnoDB DEFAULT CHARSET=utf8;

LOCK TABLES `Formula_Element` WRITE;
/*!40000 ALTER TABLE `Formula_Element` DISABLE KEYS */;

INSERT INTO `Formula_Element` (`id`, `create_time`, `update_time`, `formulaID`, `elementID`, `count`, `type`)
VALUES
	(2,'2017-04-19 21:10:36','2017-04-19 21:10:36','1','C',1,1),
	(3,'2017-04-19 21:10:36','2017-04-19 21:10:36','1','O2',1,1),
	(4,'2017-04-19 21:10:36','2017-04-19 21:10:36','1','CO2',1,2),
	(5,'2017-04-19 21:10:36','2017-04-19 21:10:36','2','C',2,1),
	(6,'2017-04-19 21:10:36','2017-04-19 21:10:36','2','O2',1,1),
	(7,'2017-04-19 21:10:36','2017-04-19 21:10:36','2','CO',2,2),
	(8,'2017-04-19 21:10:36','2017-04-19 21:10:36','3','S',1,1),
	(9,'2017-04-19 21:10:36','2017-04-19 21:10:36','3','O2',1,1),
	(10,'2017-04-19 21:10:36','2017-04-19 21:10:36','3','SO2',1,2),
	(11,'2017-04-19 21:10:36','2017-04-19 21:10:36','4','P',4,1),
	(12,'2017-04-19 21:10:36','2017-04-19 21:10:36','4','O2',5,1),
	(13,'2017-04-19 21:10:36','2017-04-19 21:10:36','4','P2O5',2,2),
	(14,'2017-04-19 21:10:36','2017-04-19 21:10:36','5','H2',2,1),
	(15,'2017-04-19 21:10:36','2017-04-19 21:10:36','5','+O2',1,1),
	(16,'2017-04-19 21:10:36','2017-04-19 21:10:36','5','H2O',2,2),
	(17,'2017-04-19 21:10:36','2017-04-19 21:10:36','6','Mg',2,1),
	(18,'2017-04-19 21:10:36','2017-04-19 21:10:36','6','O2',1,1),
	(19,'2017-04-19 21:10:36','2017-04-19 21:10:36','6','MgO',2,2),
	(20,'2017-04-19 21:10:36','2017-04-19 21:10:36','7','Fe',3,1),
	(21,'2017-04-19 21:10:36','2017-04-19 21:10:36','7','O2',2,1),
	(22,'2017-04-19 21:10:36','2017-04-19 21:10:36','7','Fe3O4',1,2),
	(23,'2017-04-19 21:10:36','2017-04-19 21:10:36','8','Cu',2,1),
	(24,'2017-04-19 21:10:36','2017-04-19 21:10:36','8','O2',1,1),
	(25,'2017-04-19 21:10:36','2017-04-19 21:10:36','8','CuO',2,2),
	(26,'2017-04-19 21:10:36','2017-04-19 21:10:36','9','Al',4,1),
	(27,'2017-04-19 21:10:36','2017-04-19 21:10:36','9','O2',3,1),
	(28,'2017-04-19 21:10:36','2017-04-19 21:10:36','9','Al2O3',2,2),
	(29,'2017-04-19 21:10:36','2017-04-19 21:10:36','10','Hg',2,1),
	(30,'2017-04-19 21:10:36','2017-04-19 21:10:36','10','O2',1,1),
	(31,'2017-04-19 21:10:36','2017-04-19 21:10:36','10','HgO',2,2),
	(32,'2017-04-19 21:10:36','2017-04-19 21:10:36','11','CO',2,1),
	(33,'2017-04-19 21:10:36','2017-04-19 21:10:36','11','O2',1,1),
	(34,'2017-04-19 21:10:36','2017-04-19 21:10:36','11','CO2',2,2),
	(35,'2017-04-19 21:10:36','2017-04-19 21:10:36','12','CH4',1,1),
	(36,'2017-04-19 21:10:36','2017-04-19 21:10:36','12','O2',2,1),
	(37,'2017-04-19 21:10:36','2017-04-19 21:10:36','12','CO2',1,2),
	(38,'2017-04-19 21:10:36','2017-04-19 21:10:36','12','H2O',2,2),
	(39,'2017-04-19 21:10:36','2017-04-19 21:10:36','13','C2H5OH',1,1),
	(40,'2017-04-19 21:10:36','2017-04-19 21:10:36','13','O2',3,1),
	(41,'2017-04-19 21:10:36','2017-04-19 21:10:36','13','CO2',2,2),
	(42,'2017-04-19 21:10:36','2017-04-19 21:10:36','13','H2O',3,2),
	(43,'2017-04-19 21:10:36','2017-04-19 21:10:36','14','H2O2',2,1),
	(44,'2017-04-19 21:10:36','2017-04-19 21:10:36','14','O2',1,2),
	(45,'2017-04-19 21:10:36','2017-04-19 21:10:36','14','H2O',2,2),
	(46,'2017-04-19 21:10:36','2017-04-19 21:10:36','15','KMnO4',2,1),
	(47,'2017-04-19 21:10:36','2017-04-19 21:10:36','15','K2MnO4',1,2),
	(48,'2017-04-19 21:10:36','2017-04-19 21:10:36','15','MnO2',1,2),
	(49,'2017-04-19 21:10:36','2017-04-19 21:10:36','15','O2',1,2),
	(50,'2017-04-19 21:10:36','2017-04-19 21:10:36','16','KClO3',2,1),
	(51,'2017-04-19 21:10:36','2017-04-19 21:10:36','16','KCl',2,2),
	(52,'2017-04-19 21:10:36','2017-04-19 21:10:36','16','O2',3,2),
	(53,'2017-04-19 21:10:36','2017-04-19 21:10:36','17','H2O',2,1),
	(54,'2017-04-19 21:10:36','2017-04-19 21:10:36','17','通电',1,1),
	(55,'2017-04-19 21:10:36','2017-04-19 21:10:36','17','H2',2,1),
	(56,'2017-04-19 21:10:36','2017-04-19 21:10:36','17','O2',1,1),
	(57,'2017-04-19 21:10:36','2017-04-19 21:10:36','18','HgO',2,1),
	(58,'2017-04-19 21:10:36','2017-04-19 21:10:36','18','Hg',2,2),
	(59,'2017-04-19 21:10:36','2017-04-19 21:10:36','18','O2',1,2),
	(60,'2017-04-19 21:10:36','2017-04-19 21:10:36','19','H2',2,1),
	(61,'2017-04-19 21:10:36','2017-04-19 21:10:36','19','O2',1,1),
	(62,'2017-04-19 21:10:36','2017-04-19 21:10:36','19','H2O',2,2),
	(63,'2017-04-19 21:10:36','2017-04-19 21:10:36','20','H2',1,1),
	(64,'2017-04-19 21:10:36','2017-04-19 21:10:36','20','CuO',1,1),
	(65,'2017-04-19 21:10:36','2017-04-19 21:10:36','20','Cu',2,2),
	(66,'2017-04-19 21:10:36','2017-04-19 21:10:36','20','H2O',1,2),
	(67,'2017-04-19 21:10:36','2017-04-19 21:10:36','21','Zn',1,1),
	(68,'2017-04-19 21:10:36','2017-04-19 21:10:36','21','H2SO4',1,1),
	(69,'2017-04-19 21:10:36','2017-04-19 21:10:36','21','ZnSO4',1,2),
	(70,'2017-04-19 21:10:36','2017-04-19 21:10:36','21','H2',1,2),
	(71,'2017-04-19 21:10:36','2017-04-19 21:10:36','22','C',1,1),
	(72,'2017-04-19 21:10:36','2017-04-19 21:10:36','22','CO2',1,1),
	(73,'2017-04-19 21:10:36','2017-04-19 21:10:36','22','CO',2,2),
	(74,'2017-04-19 21:10:36','2017-04-19 21:10:36','23','C',1,1),
	(75,'2017-04-19 21:10:36','2017-04-19 21:10:36','23','CuO',1,1),
	(76,'2017-04-19 21:10:36','2017-04-19 21:10:36','23','Cu',2,2),
	(77,'2017-04-19 21:10:36','2017-04-19 21:10:36','23','CO2',1,2),
	(78,'2017-04-19 21:10:36','2017-04-19 21:10:36','24','Fe2O3',2,1),
	(79,'2017-04-19 21:10:36','2017-04-19 21:10:36','24','C',3,1),
	(80,'2017-04-19 21:10:36','2017-04-19 21:10:36','24','Fe',4,2),
	(81,'2017-04-19 21:10:36','2017-04-19 21:10:36','24','CO2',3,2),
	(82,'2017-04-19 21:10:36','2017-04-19 21:10:36','25','Fe3O4',1,1),
	(83,'2017-04-19 21:10:36','2017-04-19 21:10:36','25','C',2,1),
	(84,'2017-04-19 21:10:36','2017-04-19 21:10:36','25','Fe',3,2),
	(85,'2017-04-19 21:10:36','2017-04-19 21:10:36','25','CO2',2,2),
	(86,'2017-04-19 21:10:36','2017-04-19 21:10:36','26','CuO',1,1),
	(87,'2017-04-19 21:10:36','2017-04-19 21:10:36','26','CO',1,1),
	(88,'2017-04-19 21:10:36','2017-04-19 21:10:36','26','Cu',1,2),
	(89,'2017-04-19 21:10:36','2017-04-19 21:10:36','26','CO2',1,2),
	(90,'2017-04-19 21:10:36','2017-04-19 21:10:36','27','Fe2O3',1,1),
	(91,'2017-04-19 21:10:36','2017-04-19 21:10:36','27','CO',3,1),
	(92,'2017-04-19 21:10:36','2017-04-19 21:10:36','27','Fe',2,2),
	(93,'2017-04-19 21:10:36','2017-04-19 21:10:36','27','CO2',3,2),
	(94,'2017-04-19 21:10:36','2017-04-19 21:10:36','28','Fe3O4',1,1),
	(95,'2017-04-19 21:10:36','2017-04-19 21:10:36','28','CO',4,1),
	(96,'2017-04-19 21:10:36','2017-04-19 21:10:36','28','Fe',3,2),
	(97,'2017-04-19 21:10:36','2017-04-19 21:10:36','28','CO2',4,2),
	(98,'2017-04-19 21:10:36','2017-04-19 21:10:36','29','CO2',1,1),
	(99,'2017-04-19 21:10:36','2017-04-19 21:10:36','29','H2O',1,1),
	(100,'2017-04-19 21:10:36','2017-04-19 21:10:36','29','H2CO3',1,2),
	(101,'2017-04-19 21:10:36','2017-04-19 21:10:36','30','H2CO3',1,1),
	(102,'2017-04-19 21:10:36','2017-04-19 21:10:36','30','CO2',1,2),
	(103,'2017-04-19 21:10:36','2017-04-19 21:10:36','30','H2O',1,2),
	(104,'2017-04-19 21:10:36','2017-04-19 21:10:36','31','Ca(OH)2',1,1),
	(105,'2017-04-19 21:10:36','2017-04-19 21:10:36','31','CO2',1,1),
	(106,'2017-04-19 21:10:36','2017-04-19 21:10:36','31','CaCO3',1,2),
	(107,'2017-04-19 21:10:36','2017-04-19 21:10:36','31','H2O',1,2),
	(108,'2017-04-19 21:10:36','2017-04-19 21:10:36','32','CaCO3',1,1),
	(109,'2017-04-19 21:10:36','2017-04-19 21:10:36','32','HCl',2,1),
	(110,'2017-04-19 21:10:36','2017-04-19 21:10:36','32','CaCl2',1,2),
	(111,'2017-04-19 21:10:36','2017-04-19 21:10:36','32','H2O',1,2),
	(112,'2017-04-19 21:10:36','2017-04-19 21:10:36','32','CO2',1,2),
	(113,'2017-04-19 21:10:36','2017-04-19 21:10:36','33','CaCO3',1,1),
	(114,'2017-04-19 21:10:36','2017-04-19 21:10:36','33','CaO',1,2),
	(115,'2017-04-19 21:10:36','2017-04-19 21:10:36','33','CO2',1,2),
	(116,'2017-04-19 21:10:36','2017-04-19 21:10:36','34','Na2CO3',1,1),
	(117,'2017-04-19 21:10:36','2017-04-19 21:10:36','34','HCl',2,1),
	(118,'2017-04-19 21:10:36','2017-04-19 21:10:36','34','NaCl',2,2),
	(119,'2017-04-19 21:10:36','2017-04-19 21:10:36','34','H2O',1,2),
	(120,'2017-04-19 21:10:36','2017-04-19 21:10:36','34','CO2',1,2),
	(121,'2017-04-19 21:10:36','2017-04-19 21:10:36','35','Zn',1,1),
	(122,'2017-04-19 21:10:36','2017-04-19 21:10:36','35','HCl',2,1),
	(123,'2017-04-19 21:10:36','2017-04-19 21:10:36','35','ZnCl2',1,2),
	(124,'2017-04-19 21:10:36','2017-04-19 21:10:36','35','H2',1,2),
	(125,'2017-04-19 21:10:36','2017-04-19 21:10:36','36','Fe',1,1),
	(126,'2017-04-19 21:10:36','2017-04-19 21:10:36','36','H2SO4',1,1),
	(127,'2017-04-19 21:10:36','2017-04-19 21:10:36','36','FeSO4',1,2),
	(128,'2017-04-19 21:10:36','2017-04-19 21:10:36','36','H2',1,2),
	(129,'2017-04-19 21:10:36','2017-04-19 21:10:36','37','Fe',1,1),
	(130,'2017-04-19 21:10:36','2017-04-19 21:10:36','37','HCl',2,1),
	(131,'2017-04-19 21:10:36','2017-04-19 21:10:36','37','FeCl2',1,2),
	(132,'2017-04-19 21:10:36','2017-04-19 21:10:36','37','H2',1,2),
	(133,'2017-04-19 21:10:36','2017-04-19 21:10:36','38','Al',2,1),
	(134,'2017-04-19 21:10:36','2017-04-19 21:10:36','38','H2SO4',3,1),
	(135,'2017-04-19 21:10:36','2017-04-19 21:10:36','38','Al2(SO4)3',1,2),
	(136,'2017-04-19 21:10:36','2017-04-19 21:10:36','38','H2',3,2),
	(137,'2017-04-19 21:10:36','2017-04-19 21:10:36','39','Mg',1,1),
	(138,'2017-04-19 21:10:36','2017-04-19 21:10:36','39','HCl',2,1),
	(139,'2017-04-19 21:10:36','2017-04-19 21:10:36','39','MgCl2',1,2),
	(140,'2017-04-19 21:10:36','2017-04-19 21:10:36','39','H2',1,2),
	(141,'2017-04-19 21:10:36','2017-04-19 21:10:36','40','Fe',1,1),
	(142,'2017-04-19 21:10:36','2017-04-19 21:10:36','40','CuSO4',1,1),
	(143,'2017-04-19 21:10:36','2017-04-19 21:10:36','40','FeSO4',1,2),
	(144,'2017-04-19 21:10:36','2017-04-19 21:10:36','40','Cu',1,2),
	(145,'2017-04-19 21:10:36','2017-04-19 21:10:36','41','Fe',1,1),
	(146,'2017-04-19 21:10:36','2017-04-19 21:10:36','41','CuCl2',1,1),
	(147,'2017-04-19 21:10:36','2017-04-19 21:10:36','41','FeCl2',1,2),
	(148,'2017-04-19 21:10:36','2017-04-19 21:10:36','41','Cu',1,2),
	(149,'2017-04-19 21:10:36','2017-04-19 21:10:36','42','Zn',1,1),
	(150,'2017-04-19 21:10:36','2017-04-19 21:10:36','42','CuSO4',1,1),
	(151,'2017-04-19 21:10:36','2017-04-19 21:10:36','42','ZnSO4',1,2),
	(152,'2017-04-19 21:10:36','2017-04-19 21:10:36','42','Cu',1,2),
	(153,'2017-04-19 21:10:36','2017-04-19 21:10:36','43','Cu',1,1),
	(154,'2017-04-19 21:10:36','2017-04-19 21:10:36','43','Hg(NO3)2',1,1),
	(155,'2017-04-19 21:10:36','2017-04-19 21:10:36','43','Cu(NO3)2',1,2),
	(156,'2017-04-19 21:10:36','2017-04-19 21:10:36','43','Hg',1,2),
	(157,'2017-04-19 21:10:36','2017-04-19 21:10:36','44','Na2O',1,1),
	(158,'2017-04-19 21:10:36','2017-04-19 21:10:36','44','H20',1,1),
	(159,'2017-04-19 21:10:36','2017-04-19 21:10:36','44','NaOH',2,2),
	(160,'2017-04-19 21:10:36','2017-04-19 21:10:36','45','CaO',1,1),
	(161,'2017-04-19 21:10:36','2017-04-19 21:10:36','45','H2O',1,1),
	(162,'2017-04-19 21:10:36','2017-04-19 21:10:36','45','Ca(OH)2',1,2),
	(163,'2017-04-19 21:10:36','2017-04-19 21:10:36','46','SO2',1,1),
	(164,'2017-04-19 21:10:36','2017-04-19 21:10:36','46','H2O',1,1),
	(165,'2017-04-19 21:10:36','2017-04-19 21:10:36','46','H2SO3',1,2),
	(166,'2017-04-19 21:10:36','2017-04-19 21:10:36','47','SO3',1,1),
	(167,'2017-04-19 21:10:36','2017-04-19 21:10:36','47','H2O',1,1),
	(168,'2017-04-19 21:10:36','2017-04-19 21:10:36','47','H2SO4',1,2),
	(169,'2017-04-19 21:10:36','2017-04-19 21:10:36','48','NaOH',2,1),
	(170,'2017-04-19 21:10:36','2017-04-19 21:10:36','48','CO2',1,1),
	(171,'2017-04-19 21:10:36','2017-04-19 21:10:36','48','Na2CO3',1,2),
	(172,'2017-04-19 21:10:36','2017-04-19 21:10:36','48','H2O',1,2),
	(173,'2017-04-19 21:10:36','2017-04-19 21:10:36','49','NaOH',2,1),
	(174,'2017-04-19 21:10:36','2017-04-19 21:10:36','49','SO2',1,1),
	(175,'2017-04-19 21:10:36','2017-04-19 21:10:36','49','Na2SO3',1,2),
	(176,'2017-04-19 21:10:36','2017-04-19 21:10:36','49','H2O',1,2),
	(177,'2017-04-19 21:10:36','2017-04-19 21:10:36','50','NaOH',2,1),
	(178,'2017-04-19 21:10:36','2017-04-19 21:10:36','50','SO3',1,1),
	(179,'2017-04-19 21:10:36','2017-04-19 21:10:36','50','Na2SO4',1,2),
	(180,'2017-04-19 21:10:36','2017-04-19 21:10:36','50','H2O',1,2),
	(181,'2017-04-19 21:10:36','2017-04-19 21:10:36','51','Ca(OH)2',1,1),
	(182,'2017-04-19 21:10:36','2017-04-19 21:10:36','51','SO2',1,1),
	(183,'2017-04-19 21:10:36','2017-04-19 21:10:36','51','CaSO3',1,2),
	(184,'2017-04-19 21:10:36','2017-04-19 21:10:36','51','H2O',1,2),
	(185,'2017-04-19 21:10:36','2017-04-19 21:10:36','52','Fe2O3',1,1),
	(186,'2017-04-19 21:10:36','2017-04-19 21:10:36','52','HCl',6,1),
	(187,'2017-04-19 21:10:36','2017-04-19 21:10:36','52','FeCl3',2,2),
	(188,'2017-04-19 21:10:36','2017-04-19 21:10:36','52','H2O',3,2),
	(189,'2017-04-19 21:10:36','2017-04-19 21:10:36','53','Fe2O3',1,1),
	(190,'2017-04-19 21:10:36','2017-04-19 21:10:36','53','H2SO4',3,1),
	(191,'2017-04-19 21:10:36','2017-04-19 21:10:36','53','Fe2(SO4)3',1,2),
	(192,'2017-04-19 21:10:36','2017-04-19 21:10:36','53','H2O',3,2),
	(193,'2017-04-19 21:10:36','2017-04-19 21:10:36','54','CuO',1,1),
	(194,'2017-04-19 21:10:36','2017-04-19 21:10:36','54','HCl',2,1),
	(195,'2017-04-19 21:10:36','2017-04-19 21:10:36','54','CuCl2',1,2),
	(196,'2017-04-19 21:10:36','2017-04-19 21:10:36','54','H2O',1,2),
	(197,'2017-04-19 21:10:36','2017-04-19 21:10:36','55','CuO',1,1),
	(198,'2017-04-19 21:10:36','2017-04-19 21:10:36','55','H2SO4',1,1),
	(199,'2017-04-19 21:10:36','2017-04-19 21:10:36','55','CuSO4',1,2),
	(200,'2017-04-19 21:10:36','2017-04-19 21:10:36','55','H2O',1,2),
	(201,'2017-04-19 21:10:36','2017-04-19 21:10:36','56','MgO',1,1),
	(202,'2017-04-19 21:10:36','2017-04-19 21:10:36','56','H2SO4',1,1),
	(203,'2017-04-19 21:10:36','2017-04-19 21:10:36','56','MgSO4',1,2),
	(204,'2017-04-19 21:10:36','2017-04-19 21:10:36','56','H2O',1,2),
	(205,'2017-04-19 21:10:36','2017-04-19 21:10:36','57','CaO',1,1),
	(206,'2017-04-19 21:10:36','2017-04-19 21:10:36','57','HCl',2,1),
	(207,'2017-04-19 21:10:36','2017-04-19 21:10:36','57','CaCl2',1,2),
	(208,'2017-04-19 21:10:36','2017-04-19 21:10:36','57','H2O',1,2),
	(209,'2017-04-19 21:10:36','2017-04-19 21:10:36','58','HCl',1,1),
	(210,'2017-04-19 21:10:36','2017-04-19 21:10:36','58','NaOH',1,1),
	(211,'2017-04-19 21:10:36','2017-04-19 21:10:36','58','NaCl',1,2),
	(212,'2017-04-19 21:10:36','2017-04-19 21:10:36','58','H2O',1,2),
	(213,'2017-04-19 21:10:36','2017-04-19 21:10:36','59','H2SO4',1,1),
	(214,'2017-04-19 21:10:36','2017-04-19 21:10:36','59','NaOH',2,1),
	(215,'2017-04-19 21:10:36','2017-04-19 21:10:36','59','Na2SO4',1,2),
	(216,'2017-04-19 21:10:36','2017-04-19 21:10:36','59','H2O',2,2),
	(217,'2017-04-19 21:10:36','2017-04-19 21:10:36','60','HCl',2,1),
	(218,'2017-04-19 21:10:36','2017-04-19 21:10:36','60','Cu(OH)2',1,1),
	(219,'2017-04-19 21:10:36','2017-04-19 21:10:36','60','CuCl2',1,2),
	(220,'2017-04-19 21:10:36','2017-04-19 21:10:36','60','H2O',2,2),
	(221,'2017-04-19 21:10:36','2017-04-19 21:10:36','61','H2SO4',1,1),
	(222,'2017-04-19 21:10:36','2017-04-19 21:10:36','61','Cu(OH)2',1,1),
	(223,'2017-04-19 21:10:36','2017-04-19 21:10:36','61','CuSO4',1,2),
	(224,'2017-04-19 21:10:36','2017-04-19 21:10:36','61','H2O',2,2),
	(225,'2017-04-19 21:10:36','2017-04-19 21:10:36','62','HCl',2,1),
	(226,'2017-04-19 21:10:36','2017-04-19 21:10:36','62','Ca(OH)2',1,1),
	(227,'2017-04-19 21:10:36','2017-04-19 21:10:36','62','CaCl2',1,2),
	(228,'2017-04-19 21:10:36','2017-04-19 21:10:36','62','H2O',2,2),
	(229,'2017-04-19 21:10:36','2017-04-19 21:10:36','63','HCl',3,1),
	(230,'2017-04-19 21:10:36','2017-04-19 21:10:36','63','Fe(OH)3',1,1),
	(231,'2017-04-19 21:10:36','2017-04-19 21:10:36','63','FeCl3',1,2),
	(232,'2017-04-19 21:10:36','2017-04-19 21:10:36','63','H2O',3,2),
	(233,'2017-04-19 21:10:36','2017-04-19 21:10:36','64','H2SO4',3,1),
	(234,'2017-04-19 21:10:36','2017-04-19 21:10:36','64','Fe(OH)3',2,1),
	(235,'2017-04-19 21:10:36','2017-04-19 21:10:36','64','Fe2(SO4)3',1,2),
	(236,'2017-04-19 21:10:36','2017-04-19 21:10:36','64','H2O',6,2),
	(237,'2017-04-19 21:10:36','2017-04-19 21:10:36','65','HCl',3,1),
	(238,'2017-04-19 21:10:36','2017-04-19 21:10:36','65','Al(OH)3',1,1),
	(239,'2017-04-19 21:10:36','2017-04-19 21:10:36','65','AlCl3',1,2),
	(240,'2017-04-19 21:10:36','2017-04-19 21:10:36','65','H2O',3,2),
	(241,'2017-04-19 21:10:36','2017-04-19 21:10:36','66','Na2CO3',1,1),
	(242,'2017-04-19 21:10:36','2017-04-19 21:10:36','66','H2SO4',1,1),
	(243,'2017-04-19 21:10:36','2017-04-19 21:10:36','66','Na2SO4',1,2),
	(244,'2017-04-19 21:10:36','2017-04-19 21:10:36','66','H2O',1,2),
	(245,'2017-04-19 21:10:36','2017-04-19 21:10:36','66','CO2',1,2),
	(246,'2017-04-19 21:10:36','2017-04-19 21:10:36','67','NaHCO3',1,1),
	(247,'2017-04-19 21:10:36','2017-04-19 21:10:36','67','HCl',1,1),
	(248,'2017-04-19 21:10:36','2017-04-19 21:10:36','67','→',1,1),
	(249,'2017-04-19 21:10:36','2017-04-19 21:10:36','67','NaCl',1,1),
	(250,'2017-04-19 21:10:36','2017-04-19 21:10:36','67','H2O',1,1),
	(251,'2017-04-19 21:10:36','2017-04-19 21:10:36','67','CO2',1,1),
	(252,'2017-04-19 21:10:36','2017-04-19 21:10:36','68','HCl',1,1),
	(253,'2017-04-19 21:10:36','2017-04-19 21:10:36','68','AgNO3',1,1),
	(254,'2017-04-19 21:10:36','2017-04-19 21:10:36','68','AgCl',1,2),
	(255,'2017-04-19 21:10:36','2017-04-19 21:10:36','68','HNO3',1,2),
	(256,'2017-04-19 21:10:36','2017-04-19 21:10:36','69','H2SO4',1,1),
	(257,'2017-04-19 21:10:36','2017-04-19 21:10:36','69','BaCl2',1,1),
	(258,'2017-04-19 21:10:36','2017-04-19 21:10:36','69','BaSO4',1,2),
	(259,'2017-04-19 21:10:36','2017-04-19 21:10:36','69','HCl',2,2),
	(260,'2017-04-19 21:10:36','2017-04-19 21:10:36','70','NaOH',2,1),
	(261,'2017-04-19 21:10:36','2017-04-19 21:10:36','70','CuSO4',1,1),
	(262,'2017-04-19 21:10:36','2017-04-19 21:10:36','70','Cu(OH)2',1,2),
	(263,'2017-04-19 21:10:36','2017-04-19 21:10:36','70','Na2SO4',1,2),
	(264,'2017-04-19 21:10:36','2017-04-19 21:10:36','71','NaOH',2,1),
	(265,'2017-04-19 21:10:36','2017-04-19 21:10:36','71','CuCl2',1,1),
	(266,'2017-04-19 21:10:36','2017-04-19 21:10:36','71','Cu(OH)2',1,2),
	(267,'2017-04-19 21:10:36','2017-04-19 21:10:36','71','NaCl',2,2),
	(268,'2017-04-19 21:10:36','2017-04-19 21:10:36','72','KOH',1,1),
	(269,'2017-04-19 21:10:36','2017-04-19 21:10:36','72','CuSO4',1,1),
	(270,'2017-04-19 21:10:36','2017-04-19 21:10:36','72','Cu(OH)2',1,2),
	(271,'2017-04-19 21:10:36','2017-04-19 21:10:36','72','KCl',2,2),
	(272,'2017-04-19 21:10:36','2017-04-19 21:10:36','73','NaOH',3,1),
	(273,'2017-04-19 21:10:36','2017-04-19 21:10:36','73','FeCl3',1,1),
	(274,'2017-04-19 21:10:36','2017-04-19 21:10:36','73','Fe(OH)3+',1,2),
	(275,'2017-04-19 21:10:36','2017-04-19 21:10:36','73','NaCl',3,2),
	(276,'2017-04-19 21:10:36','2017-04-19 21:10:36','74','NaOH',2,1),
	(277,'2017-04-19 21:10:36','2017-04-19 21:10:36','74','FeSO4',1,1),
	(278,'2017-04-19 21:10:36','2017-04-19 21:10:36','74','Fe(OH)2',1,2),
	(279,'2017-04-19 21:10:36','2017-04-19 21:10:36','74','Na2SO4',1,2),
	(280,'2017-04-19 21:10:36','2017-04-19 21:10:36','75','NaOH',2,1),
	(281,'2017-04-19 21:10:36','2017-04-19 21:10:36','75','MgCl2',1,1),
	(282,'2017-04-19 21:10:36','2017-04-19 21:10:36','75','Mg(OH)2',1,2),
	(283,'2017-04-19 21:10:36','2017-04-19 21:10:36','75','NaCl',2,2),
	(284,'2017-04-19 21:10:36','2017-04-19 21:10:36','76','Ca(OH)2',1,1),
	(285,'2017-04-19 21:10:36','2017-04-19 21:10:36','76','Na2CO3',1,1),
	(286,'2017-04-19 21:10:36','2017-04-19 21:10:36','76','CaCO3',1,2),
	(287,'2017-04-19 21:10:36','2017-04-19 21:10:36','76','NaOH',2,2),
	(288,'2017-04-19 21:10:36','2017-04-19 21:10:36','77','NaOH',1,1),
	(289,'2017-04-19 21:10:36','2017-04-19 21:10:36','77','NH4Cl',1,1),
	(290,'2017-04-19 21:10:36','2017-04-19 21:10:36','77','NaCl',1,2),
	(291,'2017-04-19 21:10:36','2017-04-19 21:10:36','77','NH3',1,2),
	(292,'2017-04-19 21:10:36','2017-04-19 21:10:36','77','H2O',1,2),
	(293,'2017-04-19 21:10:36','2017-04-19 21:10:36','78','NaCl',1,1),
	(294,'2017-04-19 21:10:36','2017-04-19 21:10:36','78','AgNO3',1,1),
	(295,'2017-04-19 21:10:36','2017-04-19 21:10:36','78','AgCl',1,2),
	(296,'2017-04-19 21:10:36','2017-04-19 21:10:36','78','NaNO3',1,2),
	(297,'2017-04-19 21:10:36','2017-04-19 21:10:36','79','Na2SO4',1,1),
	(298,'2017-04-19 21:10:36','2017-04-19 21:10:36','79','BaCl2',1,1),
	(299,'2017-04-19 21:10:36','2017-04-19 21:10:36','79','BaSO4',1,2),
	(300,'2017-04-19 21:10:36','2017-04-19 21:10:36','79','NaCl',2,2),
	(301,'2017-04-19 21:10:36','2017-04-19 21:10:36','80','NH4NO3',1,1),
	(302,'2017-04-19 21:10:36','2017-04-19 21:10:36','80','NH3',1,2),
	(303,'2017-04-19 21:10:36','2017-04-19 21:10:36','80','CO2',1,2),
	(304,'2017-04-19 21:10:36','2017-04-19 21:10:36','80','H2O',1,2),
	(305,'2017-04-19 21:10:36','2017-04-19 21:10:36','81','NaHCO3',2,1),
	(306,'2017-04-19 21:10:36','2017-04-19 21:10:36','81','Na2CO3',1,2),
	(307,'2017-04-19 21:10:36','2017-04-19 21:10:36','81','H2O',1,2),
	(308,'2017-04-19 21:10:36','2017-04-19 21:10:36','81','CO2',1,2),
	(309,'2017-04-19 21:10:36','2017-04-19 21:10:36','82','CuSO4.5H2O',1,1),
	(310,'2017-04-19 21:10:36','2017-04-19 21:10:36','82','CuSO4',1,2),
	(311,'2017-04-19 21:10:36','2017-04-19 21:10:36','82','H2O',5,2),
	(312,'2017-04-19 21:10:36','2017-04-19 21:10:36','83','CuSO4',1,1),
	(313,'2017-04-19 21:10:36','2017-04-19 21:10:36','83','H2O',5,1),
	(314,'2017-04-19 21:10:36','2017-04-19 21:10:36','83','CuSO4.5H2O',1,2),
	(315,'2017-04-19 21:10:36','2017-04-19 21:10:36','84','Na2CO3.10H2O',1,1),
	(316,'2017-04-19 21:10:36','2017-04-19 21:10:36','84','Na2CO3',1,2),
	(317,'2017-04-19 21:10:36','2017-04-19 21:10:36','84','10H2O',10,2);

/*!40000 ALTER TABLE `Formula_Element` ENABLE KEYS */;
UNLOCK TABLES;


# Dump of table Formula_Reaction
# ------------------------------------------------------------

DROP TABLE IF EXISTS `Formula_Reaction`;

CREATE TABLE `Formula_Reaction` (
  `id` int(11) unsigned NOT NULL AUTO_INCREMENT,
  `create_time` timestamp NULL DEFAULT CURRENT_TIMESTAMP,
  `update_time` timestamp NULL DEFAULT CURRENT_TIMESTAMP ON UPDATE CURRENT_TIMESTAMP,
  `formulaID` varchar(64) DEFAULT '',
  `reactionID` varchar(32) DEFAULT '',
  PRIMARY KEY (`id`)
) ENGINE=InnoDB DEFAULT CHARSET=utf8;

LOCK TABLES `Formula_Reaction` WRITE;
/*!40000 ALTER TABLE `Formula_Reaction` DISABLE KEYS */;

INSERT INTO `Formula_Reaction` (`id`, `create_time`, `update_time`, `formulaID`, `reactionID`)
VALUES
	(1,'2017-04-20 23:02:29','2017-04-20 23:02:29','1','Combination'),
	(2,'2017-04-20 23:02:29','2017-04-20 23:02:29','1','Oxidation-reduction'),
	(3,'2017-04-20 23:02:29','2017-04-20 23:02:29','2','Combination'),
	(4,'2017-04-20 23:02:29','2017-04-20 23:02:29','2','Oxidation-reduction'),
	(5,'2017-04-20 23:02:29','2017-04-20 23:02:29','3','Combination'),
	(6,'2017-04-20 23:02:29','2017-04-20 23:02:29','3','Oxidation-reduction'),
	(7,'2017-04-20 23:02:29','2017-04-20 23:02:29','4','Combination'),
	(8,'2017-04-20 23:02:29','2017-04-20 23:02:29','4','Oxidation-reduction'),
	(9,'2017-04-20 23:02:29','2017-04-20 23:02:29','5','Combination'),
	(10,'2017-04-20 23:02:29','2017-04-20 23:02:29','5','Oxidation-reduction'),
	(11,'2017-04-20 23:02:29','2017-04-20 23:02:29','6','Combination'),
	(12,'2017-04-20 23:02:29','2017-04-20 23:02:29','6','Oxidation-reduction'),
	(13,'2017-04-20 23:02:29','2017-04-20 23:02:29','7','Combination'),
	(14,'2017-04-20 23:02:29','2017-04-20 23:02:29','7','Oxidation-reduction'),
	(15,'2017-04-20 23:02:29','2017-04-20 23:02:29','8','Combination'),
	(16,'2017-04-20 23:02:29','2017-04-20 23:02:29','8','Oxidation-reduction'),
	(17,'2017-04-20 23:02:29','2017-04-20 23:02:29','9','Combination'),
	(18,'2017-04-20 23:02:29','2017-04-20 23:02:29','9','Oxidation-reduction'),
	(19,'2017-04-20 23:02:29','2017-04-20 23:02:29','10','Combination'),
	(20,'2017-04-20 23:02:29','2017-04-20 23:02:29','10','Oxidation-reduction'),
	(21,'2017-04-20 23:02:29','2017-04-20 23:02:29','11','Combination'),
	(22,'2017-04-20 23:02:29','2017-04-20 23:02:29','11','Oxidation-reduction'),
	(23,'2017-04-20 23:02:29','2017-04-20 23:02:29','12','Oxidation-reduction'),
	(24,'2017-04-20 23:02:29','2017-04-20 23:02:29','13','Oxidation-reduction'),
	(25,'2017-04-20 23:02:29','2017-04-20 23:02:29','14','Decomposition'),
	(26,'2017-04-20 23:02:29','2017-04-20 23:02:29','14','Oxidation-reduction'),
	(27,'2017-04-20 23:02:29','2017-04-20 23:02:29','15','Decomposition'),
	(28,'2017-04-20 23:02:29','2017-04-20 23:02:29','15','Oxidation-reduction'),
	(29,'2017-04-20 23:02:29','2017-04-20 23:02:29','16','Decomposition'),
	(30,'2017-04-20 23:02:29','2017-04-20 23:02:29','16','Oxidation-reduction'),
	(31,'2017-04-20 23:02:29','2017-04-20 23:02:29','17','Decomposition'),
	(32,'2017-04-20 23:02:29','2017-04-20 23:02:29','17','Oxidation-reduction'),
	(33,'2017-04-20 23:02:29','2017-04-20 23:02:29','18','Decomposition'),
	(34,'2017-04-20 23:02:29','2017-04-20 23:02:29','18','Oxidation-reduction'),
	(35,'2017-04-20 23:02:29','2017-04-20 23:02:29','19','Combination'),
	(36,'2017-04-20 23:02:29','2017-04-20 23:02:29','19','Oxidation-reduction'),
	(37,'2017-04-20 23:02:29','2017-04-20 23:02:29','20','Replacement'),
	(38,'2017-04-20 23:02:29','2017-04-20 23:02:29','20','Oxidation-reduction'),
	(39,'2017-04-20 23:02:29','2017-04-20 23:02:29','21','Replacement'),
	(40,'2017-04-20 23:02:29','2017-04-20 23:02:29','21','Oxidation-reduction'),
	(41,'2017-04-20 23:02:29','2017-04-20 23:02:29','22','Combination'),
	(42,'2017-04-20 23:02:29','2017-04-20 23:02:29','22','Oxidation-reduction'),
	(43,'2017-04-20 23:02:29','2017-04-20 23:02:29','23','Replacement'),
	(44,'2017-04-20 23:02:29','2017-04-20 23:02:29','23','Oxidation-reduction'),
	(45,'2017-04-20 23:02:29','2017-04-20 23:02:29','24','Replacement'),
	(46,'2017-04-20 23:02:29','2017-04-20 23:02:29','24','Oxidation-reduction'),
	(47,'2017-04-20 23:02:29','2017-04-20 23:02:29','25','Replacement'),
	(48,'2017-04-20 23:02:29','2017-04-20 23:02:29','25','Oxidation-reduction'),
	(49,'2017-04-20 23:02:29','2017-04-20 23:02:29','26','Oxidation-reduction'),
	(50,'2017-04-20 23:02:29','2017-04-20 23:02:29','27','Oxidation-reduction'),
	(51,'2017-04-20 23:02:29','2017-04-20 23:02:29','28','Oxidation-reduction'),
	(52,'2017-04-20 23:02:29','2017-04-20 23:02:29','29','Combination'),
	(53,'2017-04-20 23:02:29','2017-04-20 23:02:29','30','Decomposition'),
	(54,'2017-04-20 23:02:29','2017-04-20 23:02:29','31','Metathesis'),
	(55,'2017-04-20 23:02:29','2017-04-20 23:02:29','32','Metathesis'),
	(56,'2017-04-20 23:02:29','2017-04-20 23:02:29','33','Decomposition'),
	(57,'2017-04-20 23:02:29','2017-04-20 23:02:29','34','Metathesis'),
	(58,'2017-04-20 23:02:29','2017-04-20 23:02:29','35','Replacement'),
	(59,'2017-04-20 23:02:29','2017-04-20 23:02:29','35','Oxidation-reduction'),
	(60,'2017-04-20 23:02:29','2017-04-20 23:02:29','36','Replacement'),
	(61,'2017-04-20 23:02:29','2017-04-20 23:02:29','36','Oxidation-reduction'),
	(62,'2017-04-20 23:02:29','2017-04-20 23:02:29','37','Replacement'),
	(63,'2017-04-20 23:02:29','2017-04-20 23:02:29','37','Oxidation-reduction'),
	(64,'2017-04-20 23:02:29','2017-04-20 23:02:29','38','Replacement'),
	(65,'2017-04-20 23:02:29','2017-04-20 23:02:29','38','Oxidation-reduction'),
	(66,'2017-04-20 23:02:29','2017-04-20 23:02:29','39','Replacement'),
	(67,'2017-04-20 23:02:29','2017-04-20 23:02:29','39','Oxidation-reduction'),
	(68,'2017-04-20 23:02:29','2017-04-20 23:02:29','40','Replacement'),
	(69,'2017-04-20 23:02:29','2017-04-20 23:02:29','40','Oxidation-reduction'),
	(70,'2017-04-20 23:02:29','2017-04-20 23:02:29','41','Replacement'),
	(71,'2017-04-20 23:02:29','2017-04-20 23:02:29','41','Oxidation-reduction'),
	(72,'2017-04-20 23:02:29','2017-04-20 23:02:29','42','Replacement'),
	(73,'2017-04-20 23:02:29','2017-04-20 23:02:29','42','Oxidation-reduction'),
	(74,'2017-04-20 23:02:29','2017-04-20 23:02:29','43','Replacement'),
	(75,'2017-04-20 23:02:29','2017-04-20 23:02:29','43','Oxidation-reduction'),
	(76,'2017-04-20 23:02:29','2017-04-20 23:02:29','44','Combination'),
	(77,'2017-04-20 23:02:29','2017-04-20 23:02:29','45','Combination'),
	(78,'2017-04-20 23:02:29','2017-04-20 23:02:29','46','Combination'),
	(79,'2017-04-20 23:02:29','2017-04-20 23:02:29','47','Combination'),
	(80,'2017-04-20 23:02:29','2017-04-20 23:02:29','48','Metathesis'),
	(81,'2017-04-20 23:02:29','2017-04-20 23:02:29','49','Metathesis'),
	(82,'2017-04-20 23:02:29','2017-04-20 23:02:29','50','Metathesis'),
	(83,'2017-04-20 23:02:29','2017-04-20 23:02:29','51','Metathesis'),
	(84,'2017-04-20 23:02:29','2017-04-20 23:02:29','52','Metathesis'),
	(85,'2017-04-20 23:02:29','2017-04-20 23:02:29','53','Metathesis'),
	(86,'2017-04-20 23:02:29','2017-04-20 23:02:29','54','Metathesis'),
	(87,'2017-04-20 23:02:29','2017-04-20 23:02:29','55','Metathesis'),
	(88,'2017-04-20 23:02:29','2017-04-20 23:02:29','56','Metathesis'),
	(89,'2017-04-20 23:02:29','2017-04-20 23:02:29','57','Metathesis'),
	(90,'2017-04-20 23:02:29','2017-04-20 23:02:29','58','Metathesis'),
	(91,'2017-04-20 23:02:29','2017-04-20 23:02:29','59','Metathesis'),
	(92,'2017-04-20 23:02:29','2017-04-20 23:02:29','60','Metathesis'),
	(93,'2017-04-20 23:02:29','2017-04-20 23:02:29','61','Metathesis'),
	(94,'2017-04-20 23:02:29','2017-04-20 23:02:29','62','Metathesis'),
	(95,'2017-04-20 23:02:29','2017-04-20 23:02:29','63','Metathesis'),
	(96,'2017-04-20 23:02:29','2017-04-20 23:02:29','64','Metathesis'),
	(97,'2017-04-20 23:02:29','2017-04-20 23:02:29','65','Metathesis'),
	(98,'2017-04-20 23:02:29','2017-04-20 23:02:29','66','Metathesis'),
	(99,'2017-04-20 23:02:29','2017-04-20 23:02:29','67','Metathesis'),
	(100,'2017-04-20 23:02:29','2017-04-20 23:02:29','68','Metathesis'),
	(101,'2017-04-20 23:02:29','2017-04-20 23:02:29','69','Metathesis'),
	(102,'2017-04-20 23:02:29','2017-04-20 23:02:29','70','Metathesis'),
	(103,'2017-04-20 23:02:29','2017-04-20 23:02:29','71','Metathesis'),
	(104,'2017-04-20 23:02:29','2017-04-20 23:02:29','72','Metathesis'),
	(105,'2017-04-20 23:02:29','2017-04-20 23:02:29','73','Metathesis'),
	(106,'2017-04-20 23:02:29','2017-04-20 23:02:29','74','Metathesis'),
	(107,'2017-04-20 23:02:29','2017-04-20 23:02:29','75','Metathesis'),
	(108,'2017-04-20 23:02:29','2017-04-20 23:02:29','76','Metathesis'),
	(109,'2017-04-20 23:02:29','2017-04-20 23:02:29','77','Metathesis'),
	(110,'2017-04-20 23:02:29','2017-04-20 23:02:29','78','Metathesis'),
	(111,'2017-04-20 23:02:29','2017-04-20 23:02:29','79','Metathesis'),
	(112,'2017-04-20 23:02:29','2017-04-20 23:02:29','80','Decomposition'),
	(113,'2017-04-20 23:02:29','2017-04-20 23:02:29','81','Decomposition'),
	(114,'2017-04-20 23:02:29','2017-04-20 23:02:29','82','Other'),
	(115,'2017-04-20 23:02:29','2017-04-20 23:02:29','83','Other'),
	(116,'2017-04-20 23:02:29','2017-04-20 23:02:29','84','Other');

/*!40000 ALTER TABLE `Formula_Reaction` ENABLE KEYS */;
UNLOCK TABLES;


# Dump of table Level
# ------------------------------------------------------------

DROP TABLE IF EXISTS `Level`;

CREATE TABLE `Level` (
  `id` int(11) unsigned NOT NULL AUTO_INCREMENT,
  `create_time` timestamp NULL DEFAULT CURRENT_TIMESTAMP,
  `update_time` timestamp NULL DEFAULT CURRENT_TIMESTAMP ON UPDATE CURRENT_TIMESTAMP,
  `levelID` varchar(16) DEFAULT '',
  `cname` varchar(64) DEFAULT '',
  `ename` varchar(64) DEFAULT '' COMMENT '英文名，可以作为swift的枚举值',
  PRIMARY KEY (`id`)
) ENGINE=InnoDB DEFAULT CHARSET=utf8;

LOCK TABLES `Level` WRITE;
/*!40000 ALTER TABLE `Level` DISABLE KEYS */;

INSERT INTO `Level` (`id`, `create_time`, `update_time`, `levelID`, `cname`, `ename`)
VALUES
	(1,'2017-04-16 13:07:21','2017-04-19 23:03:40','Primary','初级魔法','Primary'),
	(2,'2017-04-16 13:07:36','2017-04-19 23:03:43','Secondary','中级魔法','Secondary'),
	(3,'2017-04-16 13:07:45','2017-04-19 23:03:46','Senior','高级魔法','Senior'),
	(4,'2017-04-16 14:01:55','2017-04-19 23:03:48','Top','顶级魔法','Top');

/*!40000 ALTER TABLE `Level` ENABLE KEYS */;
UNLOCK TABLES;


# Dump of table Magician
# ------------------------------------------------------------

DROP TABLE IF EXISTS `Magician`;

CREATE TABLE `Magician` (
  `id` int(11) unsigned NOT NULL AUTO_INCREMENT,
  `create_time` timestamp NULL DEFAULT CURRENT_TIMESTAMP,
  `update_time` timestamp NULL DEFAULT CURRENT_TIMESTAMP ON UPDATE CURRENT_TIMESTAMP,
  `userID` varchar(64) DEFAULT '',
  `openID` varchar(64) DEFAULT '' COMMENT '应用唯一ID',
  `strength` int(11) DEFAULT '0' COMMENT '实力。实力值=(win/(win+lose)+man/(man+auto))*1000。注意0的情况',
  `honor` varchar(512) DEFAULT '' COMMENT '称号',
  `win_count` int(11) DEFAULT '0' COMMENT '胜利次数',
  `lose_count` int(11) DEFAULT '0' COMMENT '失败次数',
  `man_synthesis_count` bigint(11) DEFAULT '0' COMMENT '手动合成次数',
  `auto_synthesis_count` bigint(11) DEFAULT '0' COMMENT '自动合成次数',
  `rank` bigint(20) DEFAULT '0' COMMENT '排名。排名值=实力值排名。每次获取数据时更新',
  `connect_state` tinyint(4) DEFAULT '0' COMMENT 'online=1,offline=2',
  PRIMARY KEY (`id`)
) ENGINE=InnoDB DEFAULT CHARSET=utf8;



# Dump of table Magician_Emblem
# ------------------------------------------------------------

DROP TABLE IF EXISTS `Magician_Emblem`;

CREATE TABLE `Magician_Emblem` (
  `id` int(11) unsigned NOT NULL AUTO_INCREMENT,
  `create_time` timestamp NULL DEFAULT CURRENT_TIMESTAMP,
  `update_time` timestamp NULL DEFAULT CURRENT_TIMESTAMP ON UPDATE CURRENT_TIMESTAMP,
  `openID` varchar(64) DEFAULT '',
  `emblemID` varchar(4) DEFAULT '',
  PRIMARY KEY (`id`)
) ENGINE=InnoDB DEFAULT CHARSET=utf8;



# Dump of table Magician_Epic
# ------------------------------------------------------------

DROP TABLE IF EXISTS `Magician_Epic`;

CREATE TABLE `Magician_Epic` (
  `id` int(11) unsigned NOT NULL AUTO_INCREMENT,
  `create_time` timestamp NULL DEFAULT CURRENT_TIMESTAMP,
  `update_time` timestamp NULL DEFAULT CURRENT_TIMESTAMP ON UPDATE CURRENT_TIMESTAMP,
  `openID` varchar(64) DEFAULT '',
  `epicID` varchar(512) DEFAULT '',
  PRIMARY KEY (`id`)
) ENGINE=InnoDB DEFAULT CHARSET=utf8;



# Dump of table Magician_Relation
# ------------------------------------------------------------

DROP TABLE IF EXISTS `Magician_Relation`;

CREATE TABLE `Magician_Relation` (
  `id` int(11) unsigned NOT NULL AUTO_INCREMENT,
  `create_time` timestamp NULL DEFAULT CURRENT_TIMESTAMP,
  `update_time` timestamp NULL DEFAULT CURRENT_TIMESTAMP ON UPDATE CURRENT_TIMESTAMP,
  `openID` varchar(64) DEFAULT '' COMMENT '用户openID',
  `ref_openID` varchar(64) DEFAULT '' COMMENT '关联用户的openID',
  `relation` tinyint(4) DEFAULT '0' COMMENT 'friend=1,opponent=2',
  PRIMARY KEY (`id`)
) ENGINE=InnoDB DEFAULT CHARSET=utf8;



# Dump of table Magician_Token
# ------------------------------------------------------------

DROP TABLE IF EXISTS `Magician_Token`;

CREATE TABLE `Magician_Token` (
  `id` int(11) unsigned NOT NULL AUTO_INCREMENT,
  `create_time` timestamp NULL DEFAULT CURRENT_TIMESTAMP,
  `update_time` timestamp NULL DEFAULT CURRENT_TIMESTAMP ON UPDATE CURRENT_TIMESTAMP,
  `openID` varchar(64) DEFAULT '',
  `access_token` varchar(64) DEFAULT '',
  `access_token_expired_time` timestamp NULL DEFAULT CURRENT_TIMESTAMP,
  `refresh_token` varchar(64) DEFAULT '',
  `refresh_token_expired_time` timestamp NULL DEFAULT CURRENT_TIMESTAMP,
  PRIMARY KEY (`id`)
) ENGINE=InnoDB DEFAULT CHARSET=utf8;



# Dump of table QQUser
# ------------------------------------------------------------

DROP TABLE IF EXISTS `QQUser`;

CREATE TABLE `QQUser` (
  `id` int(11) unsigned NOT NULL AUTO_INCREMENT,
  `create_time` timestamp NULL DEFAULT CURRENT_TIMESTAMP,
  `update_time` timestamp NULL DEFAULT CURRENT_TIMESTAMP ON UPDATE CURRENT_TIMESTAMP,
  `unionID` varchar(64) DEFAULT '',
  `openID` varchar(64) DEFAULT '',
  `nickname` varchar(512) DEFAULT '',
  `gender` tinyint(1) DEFAULT '0' COMMENT '男=1,女=2',
  `portrait` varchar(1024) DEFAULT '',
  `small_portrait` varchar(1024) DEFAULT '',
  `large_portrait` varchar(1024) DEFAULT '',
  `mobile` varchar(16) DEFAULT '',
  `motto` varchar(1024) DEFAULT '',
  `access_token` varchar(64) DEFAULT '',
  `access_token_expired_time` timestamp NULL DEFAULT CURRENT_TIMESTAMP,
  `refresh_token` varchar(64) DEFAULT '',
  PRIMARY KEY (`id`)
) ENGINE=InnoDB DEFAULT CHARSET=utf8;



# Dump of table Reaction
# ------------------------------------------------------------

DROP TABLE IF EXISTS `Reaction`;

CREATE TABLE `Reaction` (
  `id` int(11) unsigned NOT NULL AUTO_INCREMENT,
  `create_time` timestamp NULL DEFAULT CURRENT_TIMESTAMP,
  `update_time` timestamp NULL DEFAULT CURRENT_TIMESTAMP ON UPDATE CURRENT_TIMESTAMP,
  `reactionID` varchar(32) DEFAULT '',
  `cname` varchar(64) DEFAULT '',
  `ename` varchar(64) DEFAULT '' COMMENT '英文名，可以作为swift的枚举值',
  PRIMARY KEY (`id`)
) ENGINE=InnoDB DEFAULT CHARSET=utf8;

LOCK TABLES `Reaction` WRITE;
/*!40000 ALTER TABLE `Reaction` DISABLE KEYS */;

INSERT INTO `Reaction` (`id`, `create_time`, `update_time`, `reactionID`, `cname`, `ename`)
VALUES
	(1,'2017-04-20 00:43:38','2017-04-20 00:43:38','Combination','化合反应','Combination reaction'),
	(2,'2017-04-20 00:43:38','2017-04-20 00:43:38','Decomposition','分解反应','Decomposition reaction'),
	(3,'2017-04-20 00:43:38','2017-04-20 00:43:38','Replacement','置换反应','Replacement reaction'),
	(4,'2017-04-20 00:43:38','2017-04-20 00:43:38','Metathesis','复分解反应','Metathesis reaction'),
	(5,'2017-04-20 00:43:38','2017-04-20 00:43:38','Oxidation-reduction','氧化还原反应','Oxidation-reduction reaction'),
	(6,'2017-04-20 00:43:38','2017-04-20 00:43:38','Other','其他反应','Other reaction');

/*!40000 ALTER TABLE `Reaction` ENABLE KEYS */;
UNLOCK TABLES;


# Dump of table Room
# ------------------------------------------------------------

DROP TABLE IF EXISTS `Room`;

CREATE TABLE `Room` (
  `id` int(11) unsigned NOT NULL AUTO_INCREMENT,
  `create_time` timestamp NULL DEFAULT CURRENT_TIMESTAMP,
  `update_time` timestamp NULL DEFAULT CURRENT_TIMESTAMP ON UPDATE CURRENT_TIMESTAMP,
  `roomID` varchar(64) DEFAULT '',
  PRIMARY KEY (`id`)
) ENGINE=InnoDB DEFAULT CHARSET=utf8;



# Dump of table Room_Magician
# ------------------------------------------------------------

DROP TABLE IF EXISTS `Room_Magician`;

CREATE TABLE `Room_Magician` (
  `id` int(11) unsigned NOT NULL AUTO_INCREMENT,
  `create_time` timestamp NULL DEFAULT CURRENT_TIMESTAMP,
  `update_time` timestamp NULL DEFAULT CURRENT_TIMESTAMP ON UPDATE CURRENT_TIMESTAMP,
  `roomID` varchar(64) DEFAULT '',
  `openID` varchar(64) DEFAULT '',
  PRIMARY KEY (`id`)
) ENGINE=InnoDB DEFAULT CHARSET=utf8;



# Dump of table Scroll
# ------------------------------------------------------------

DROP TABLE IF EXISTS `Scroll`;

CREATE TABLE `Scroll` (
  `id` int(11) unsigned NOT NULL AUTO_INCREMENT,
  `create_time` timestamp NULL DEFAULT CURRENT_TIMESTAMP,
  `update_time` timestamp NULL DEFAULT CURRENT_TIMESTAMP ON UPDATE CURRENT_TIMESTAMP,
  `scrollID` varchar(64) DEFAULT '',
  `name` varchar(512) DEFAULT '',
  `levelID` varchar(16) DEFAULT '',
  `witticism` varchar(1024) DEFAULT '',
  `detail` text,
  `formulaID` varchar(64) DEFAULT '',
  PRIMARY KEY (`id`)
) ENGINE=InnoDB DEFAULT CHARSET=utf8;

LOCK TABLES `Scroll` WRITE;
/*!40000 ALTER TABLE `Scroll` DISABLE KEYS */;

INSERT INTO `Scroll` (`id`, `create_time`, `update_time`, `scrollID`, `name`, `levelID`, `witticism`, `detail`, `formulaID`)
VALUES
	(1,'2017-04-19 23:05:13','2017-04-19 23:08:12','1','初级魔法卷轴','Primary','',NULL,'1'),
	(2,'2017-04-19 23:05:13','2017-04-19 23:08:12','2','初级魔法卷轴','Primary','',NULL,'2'),
	(3,'2017-04-19 23:05:13','2017-04-19 23:08:12','3','初级魔法卷轴','Primary','',NULL,'3'),
	(4,'2017-04-19 23:05:13','2017-04-19 23:08:12','4','初级魔法卷轴','Primary','',NULL,'4'),
	(5,'2017-04-19 23:05:13','2017-04-19 23:08:12','5','初级魔法卷轴','Primary','',NULL,'5'),
	(6,'2017-04-19 23:05:13','2017-04-19 23:08:12','6','初级魔法卷轴','Primary','',NULL,'6'),
	(7,'2017-04-19 23:05:13','2017-04-19 23:08:12','7','初级魔法卷轴','Primary','',NULL,'7'),
	(8,'2017-04-19 23:05:13','2017-04-19 23:08:12','8','初级魔法卷轴','Primary','',NULL,'8'),
	(9,'2017-04-19 23:05:13','2017-04-19 23:08:12','9','初级魔法卷轴','Primary','',NULL,'9'),
	(10,'2017-04-19 23:05:13','2017-04-19 23:08:12','10','初级魔法卷轴','Primary','',NULL,'10'),
	(11,'2017-04-19 23:05:13','2017-04-19 23:08:12','11','初级魔法卷轴','Primary','',NULL,'11'),
	(12,'2017-04-19 23:05:13','2017-04-19 23:08:12','12','初级魔法卷轴','Primary','',NULL,'12'),
	(13,'2017-04-19 23:05:13','2017-04-19 23:08:12','13','初级魔法卷轴','Primary','',NULL,'13'),
	(14,'2017-04-19 23:05:13','2017-04-19 23:08:12','14','初级魔法卷轴','Primary','',NULL,'14'),
	(15,'2017-04-19 23:05:13','2017-04-19 23:08:12','15','初级魔法卷轴','Primary','',NULL,'15'),
	(16,'2017-04-19 23:05:13','2017-04-19 23:08:12','16','初级魔法卷轴','Primary','',NULL,'16'),
	(17,'2017-04-19 23:05:13','2017-04-19 23:08:12','17','初级魔法卷轴','Primary','',NULL,'17'),
	(18,'2017-04-19 23:05:13','2017-04-19 23:08:12','18','初级魔法卷轴','Primary','',NULL,'18'),
	(19,'2017-04-19 23:05:13','2017-04-19 23:08:12','19','初级魔法卷轴','Primary','',NULL,'19'),
	(20,'2017-04-19 23:05:13','2017-04-19 23:08:12','20','初级魔法卷轴','Primary','',NULL,'20'),
	(21,'2017-04-19 23:05:13','2017-04-19 23:08:12','21','初级魔法卷轴','Primary','',NULL,'21'),
	(22,'2017-04-19 23:05:13','2017-04-19 23:08:12','22','初级魔法卷轴','Primary','',NULL,'22'),
	(23,'2017-04-19 23:05:13','2017-04-19 23:08:12','23','初级魔法卷轴','Primary','',NULL,'23'),
	(24,'2017-04-19 23:05:13','2017-04-19 23:08:12','24','初级魔法卷轴','Primary','',NULL,'24'),
	(25,'2017-04-19 23:05:13','2017-04-19 23:08:12','25','初级魔法卷轴','Primary','',NULL,'25'),
	(26,'2017-04-19 23:05:13','2017-04-19 23:08:12','26','初级魔法卷轴','Primary','',NULL,'26'),
	(27,'2017-04-19 23:05:13','2017-04-19 23:08:12','27','初级魔法卷轴','Primary','',NULL,'27'),
	(28,'2017-04-19 23:05:13','2017-04-19 23:08:12','28','初级魔法卷轴','Primary','',NULL,'28'),
	(29,'2017-04-19 23:05:13','2017-04-19 23:08:12','29','初级魔法卷轴','Primary','',NULL,'29'),
	(30,'2017-04-19 23:05:13','2017-04-19 23:08:12','30','初级魔法卷轴','Primary','',NULL,'30'),
	(31,'2017-04-19 23:05:13','2017-04-19 23:08:12','31','初级魔法卷轴','Primary','',NULL,'31'),
	(32,'2017-04-19 23:05:13','2017-04-19 23:08:12','32','初级魔法卷轴','Primary','',NULL,'32'),
	(33,'2017-04-19 23:05:13','2017-04-19 23:08:12','33','初级魔法卷轴','Primary','',NULL,'33'),
	(34,'2017-04-19 23:05:13','2017-04-19 23:08:12','34','初级魔法卷轴','Primary','',NULL,'34'),
	(35,'2017-04-19 23:05:13','2017-04-19 23:08:12','35','初级魔法卷轴','Primary','',NULL,'35'),
	(36,'2017-04-19 23:05:13','2017-04-19 23:08:12','36','初级魔法卷轴','Primary','',NULL,'36'),
	(37,'2017-04-19 23:05:13','2017-04-19 23:08:12','37','初级魔法卷轴','Primary','',NULL,'37'),
	(38,'2017-04-19 23:05:13','2017-04-19 23:08:12','38','初级魔法卷轴','Primary','',NULL,'38'),
	(39,'2017-04-19 23:05:13','2017-04-19 23:08:12','39','初级魔法卷轴','Primary','',NULL,'39'),
	(40,'2017-04-19 23:05:13','2017-04-19 23:08:12','40','初级魔法卷轴','Primary','',NULL,'40'),
	(41,'2017-04-19 23:05:13','2017-04-19 23:08:12','41','初级魔法卷轴','Primary','',NULL,'41'),
	(42,'2017-04-19 23:05:13','2017-04-19 23:08:12','42','初级魔法卷轴','Primary','',NULL,'42'),
	(43,'2017-04-19 23:05:13','2017-04-19 23:08:12','43','初级魔法卷轴','Primary','',NULL,'43'),
	(44,'2017-04-19 23:05:13','2017-04-19 23:08:12','44','初级魔法卷轴','Primary','',NULL,'44'),
	(45,'2017-04-19 23:05:13','2017-04-19 23:08:12','45','初级魔法卷轴','Primary','',NULL,'45'),
	(46,'2017-04-19 23:05:13','2017-04-19 23:08:12','46','初级魔法卷轴','Primary','',NULL,'46'),
	(47,'2017-04-19 23:05:13','2017-04-19 23:08:12','47','初级魔法卷轴','Primary','',NULL,'47'),
	(48,'2017-04-19 23:05:13','2017-04-19 23:08:12','48','初级魔法卷轴','Primary','',NULL,'48'),
	(49,'2017-04-19 23:05:13','2017-04-19 23:08:12','49','初级魔法卷轴','Primary','',NULL,'49'),
	(50,'2017-04-19 23:05:13','2017-04-19 23:08:12','50','初级魔法卷轴','Primary','',NULL,'50'),
	(51,'2017-04-19 23:05:13','2017-04-19 23:08:12','51','初级魔法卷轴','Primary','',NULL,'51'),
	(52,'2017-04-19 23:05:13','2017-04-19 23:08:12','52','初级魔法卷轴','Primary','',NULL,'52'),
	(53,'2017-04-19 23:05:13','2017-04-19 23:08:12','53','初级魔法卷轴','Primary','',NULL,'53'),
	(54,'2017-04-19 23:05:13','2017-04-19 23:08:12','54','初级魔法卷轴','Primary','',NULL,'54'),
	(55,'2017-04-19 23:05:13','2017-04-19 23:08:12','55','初级魔法卷轴','Primary','',NULL,'55'),
	(56,'2017-04-19 23:05:13','2017-04-19 23:08:12','56','初级魔法卷轴','Primary','',NULL,'56'),
	(57,'2017-04-19 23:05:13','2017-04-19 23:08:12','57','初级魔法卷轴','Primary','',NULL,'57'),
	(58,'2017-04-19 23:05:13','2017-04-19 23:08:12','58','初级魔法卷轴','Primary','',NULL,'58'),
	(59,'2017-04-19 23:05:13','2017-04-19 23:08:12','59','初级魔法卷轴','Primary','',NULL,'59'),
	(60,'2017-04-19 23:05:13','2017-04-19 23:08:12','60','初级魔法卷轴','Primary','',NULL,'60'),
	(61,'2017-04-19 23:05:13','2017-04-19 23:08:12','61','初级魔法卷轴','Primary','',NULL,'61'),
	(62,'2017-04-19 23:05:13','2017-04-19 23:08:12','62','初级魔法卷轴','Primary','',NULL,'62'),
	(63,'2017-04-19 23:05:13','2017-04-19 23:08:12','63','初级魔法卷轴','Primary','',NULL,'63'),
	(64,'2017-04-19 23:05:13','2017-04-19 23:08:12','64','初级魔法卷轴','Primary','',NULL,'64'),
	(65,'2017-04-19 23:05:13','2017-04-19 23:08:12','65','初级魔法卷轴','Primary','',NULL,'65'),
	(66,'2017-04-19 23:05:13','2017-04-19 23:08:12','66','初级魔法卷轴','Primary','',NULL,'66'),
	(67,'2017-04-19 23:05:13','2017-04-19 23:08:12','67','初级魔法卷轴','Primary','',NULL,'67'),
	(68,'2017-04-19 23:05:13','2017-04-19 23:08:12','68','初级魔法卷轴','Primary','',NULL,'68'),
	(69,'2017-04-19 23:05:13','2017-04-19 23:08:12','69','初级魔法卷轴','Primary','',NULL,'69'),
	(70,'2017-04-19 23:05:13','2017-04-19 23:08:12','70','初级魔法卷轴','Primary','',NULL,'70'),
	(71,'2017-04-19 23:05:13','2017-04-19 23:08:12','71','初级魔法卷轴','Primary','',NULL,'71'),
	(72,'2017-04-19 23:05:13','2017-04-19 23:08:12','72','初级魔法卷轴','Primary','',NULL,'72'),
	(73,'2017-04-19 23:05:13','2017-04-19 23:08:12','73','初级魔法卷轴','Primary','',NULL,'73'),
	(74,'2017-04-19 23:05:13','2017-04-19 23:08:12','74','初级魔法卷轴','Primary','',NULL,'74'),
	(75,'2017-04-19 23:05:13','2017-04-19 23:08:12','75','初级魔法卷轴','Primary','',NULL,'75'),
	(76,'2017-04-19 23:05:13','2017-04-19 23:08:12','76','初级魔法卷轴','Primary','',NULL,'76'),
	(77,'2017-04-19 23:05:13','2017-04-19 23:08:12','77','初级魔法卷轴','Primary','',NULL,'77'),
	(78,'2017-04-19 23:05:13','2017-04-19 23:08:12','78','初级魔法卷轴','Primary','',NULL,'78'),
	(79,'2017-04-19 23:05:13','2017-04-19 23:08:12','79','初级魔法卷轴','Primary','',NULL,'79'),
	(80,'2017-04-19 23:05:13','2017-04-19 23:08:12','80','初级魔法卷轴','Primary','',NULL,'80'),
	(81,'2017-04-19 23:05:13','2017-04-19 23:08:12','81','初级魔法卷轴','Primary','',NULL,'81'),
	(82,'2017-04-19 23:05:13','2017-04-19 23:08:12','82','初级魔法卷轴','Primary','',NULL,'82'),
	(83,'2017-04-19 23:05:13','2017-04-19 23:08:12','83','初级魔法卷轴','Primary','',NULL,'83'),
	(84,'2017-04-19 23:05:13','2017-04-19 23:08:12','84','初级魔法卷轴','Primary','',NULL,'84');

/*!40000 ALTER TABLE `Scroll` ENABLE KEYS */;
UNLOCK TABLES;


# Dump of table Scroll_Effect
# ------------------------------------------------------------

DROP TABLE IF EXISTS `Scroll_Effect`;

CREATE TABLE `Scroll_Effect` (
  `id` int(11) unsigned NOT NULL AUTO_INCREMENT,
  `create_time` timestamp NULL DEFAULT CURRENT_TIMESTAMP,
  `update_time` timestamp NULL DEFAULT CURRENT_TIMESTAMP ON UPDATE CURRENT_TIMESTAMP,
  `scrollID` varchar(64) DEFAULT '',
  `effectID` varchar(16) DEFAULT '',
  PRIMARY KEY (`id`)
) ENGINE=InnoDB DEFAULT CHARSET=utf8;

LOCK TABLES `Scroll_Effect` WRITE;
/*!40000 ALTER TABLE `Scroll_Effect` DISABLE KEYS */;

INSERT INTO `Scroll_Effect` (`id`, `create_time`, `update_time`, `scrollID`, `effectID`)
VALUES
	(1,'2017-04-20 00:17:36','2017-04-20 00:17:36','1','Hurt1'),
	(2,'2017-04-20 00:17:36','2017-04-20 00:17:36','2','Hurt2'),
	(3,'2017-04-20 00:17:36','2017-04-20 00:17:36','3','Hurt1'),
	(4,'2017-04-20 00:17:36','2017-04-20 00:17:36','4','Jump2'),
	(5,'2017-04-20 00:17:36','2017-04-20 00:17:36','5','Hurt2'),
	(6,'2017-04-20 00:17:36','2017-04-20 00:17:36','6','Hurt2'),
	(7,'2017-04-20 00:17:36','2017-04-20 00:17:36','6','Jump1'),
	(8,'2017-04-20 00:17:36','2017-04-20 00:17:36','7','Hurt3'),
	(9,'2017-04-20 00:17:36','2017-04-20 00:17:36','8','Hurt1'),
	(10,'2017-04-20 00:17:36','2017-04-20 00:17:36','9','Hurt4'),
	(11,'2017-04-20 00:17:36','2017-04-20 00:17:36','9','Jump1'),
	(12,'2017-04-20 00:17:36','2017-04-20 00:17:36','10','Hurt1'),
	(13,'2017-04-20 00:17:36','2017-04-20 00:17:36','11','Hurt2'),
	(14,'2017-04-20 00:17:36','2017-04-20 00:17:36','12','Hurt1'),
	(15,'2017-04-20 00:17:36','2017-04-20 00:17:36','13','Hurt1'),
	(16,'2017-04-20 00:17:36','2017-04-20 00:17:36','14','Hurt1'),
	(17,'2017-04-20 00:17:36','2017-04-20 00:17:36','15','Hurt1'),
	(18,'2017-04-20 00:17:36','2017-04-20 00:17:36','16','Hurt1'),
	(19,'2017-04-20 00:17:36','2017-04-20 00:17:36','17','Hurt1'),
	(20,'2017-04-20 00:17:36','2017-04-20 00:17:36','18','Hurt1'),
	(21,'2017-04-20 00:17:36','2017-04-20 00:17:36','19','Hurt2'),
	(22,'2017-04-20 00:17:36','2017-04-20 00:17:36','20','Hurt1'),
	(23,'2017-04-20 00:17:36','2017-04-20 00:17:36','21','Hurt1'),
	(24,'2017-04-20 00:17:36','2017-04-20 00:17:36','22','Hurt1'),
	(25,'2017-04-20 00:17:36','2017-04-20 00:17:36','23','Hurt1'),
	(26,'2017-04-20 00:17:36','2017-04-20 00:17:36','24','Hurt1'),
	(27,'2017-04-20 00:17:36','2017-04-20 00:17:36','25','Hurt1'),
	(28,'2017-04-20 00:17:36','2017-04-20 00:17:36','26','Hurt1'),
	(29,'2017-04-20 00:17:36','2017-04-20 00:17:36','27','Hurt1'),
	(30,'2017-04-20 00:17:36','2017-04-20 00:17:36','28','Hurt1'),
	(31,'2017-04-20 00:17:36','2017-04-20 00:17:36','29','Hurt1'),
	(32,'2017-04-20 00:17:36','2017-04-20 00:17:36','30','Hurt1'),
	(33,'2017-04-20 00:17:36','2017-04-20 00:17:36','31','Hurt1'),
	(34,'2017-04-20 00:17:36','2017-04-20 00:17:36','32','Hurt1'),
	(35,'2017-04-20 00:17:36','2017-04-20 00:17:36','33','Hurt1'),
	(36,'2017-04-20 00:17:36','2017-04-20 00:17:36','34','Hurt1'),
	(37,'2017-04-20 00:17:36','2017-04-20 00:17:36','35','Hurt1'),
	(38,'2017-04-20 00:17:36','2017-04-20 00:17:36','36','Hurt1'),
	(39,'2017-04-20 00:17:36','2017-04-20 00:17:36','37','Hurt1'),
	(40,'2017-04-20 00:17:36','2017-04-20 00:17:36','38','Hurt1'),
	(41,'2017-04-20 00:17:36','2017-04-20 00:17:36','39','Hurt1'),
	(42,'2017-04-20 00:17:36','2017-04-20 00:17:36','40','Hurt1'),
	(43,'2017-04-20 00:17:36','2017-04-20 00:17:36','41','Hurt1'),
	(44,'2017-04-20 00:17:36','2017-04-20 00:17:36','42','Hurt1'),
	(45,'2017-04-20 00:17:36','2017-04-20 00:17:36','43','Hurt1'),
	(46,'2017-04-20 00:17:36','2017-04-20 00:17:36','44','Hurt1'),
	(47,'2017-04-20 00:17:36','2017-04-20 00:17:36','45','Hurt1'),
	(48,'2017-04-20 00:17:36','2017-04-20 00:17:36','46','Hurt1'),
	(49,'2017-04-20 00:17:36','2017-04-20 00:17:36','47','Hurt1'),
	(50,'2017-04-20 00:17:36','2017-04-20 00:17:36','48','Hurt1'),
	(51,'2017-04-20 00:17:36','2017-04-20 00:17:36','49','Hurt1'),
	(52,'2017-04-20 00:17:36','2017-04-20 00:17:36','50','Hurt1'),
	(53,'2017-04-20 00:17:36','2017-04-20 00:17:36','51','Hurt1'),
	(54,'2017-04-20 00:17:36','2017-04-20 00:17:36','52','Hurt1'),
	(55,'2017-04-20 00:17:36','2017-04-20 00:17:36','53','Hurt1'),
	(56,'2017-04-20 00:17:36','2017-04-20 00:17:36','54','Hurt1'),
	(57,'2017-04-20 00:17:36','2017-04-20 00:17:36','55','Hurt1'),
	(58,'2017-04-20 00:17:36','2017-04-20 00:17:36','56','Hurt1'),
	(59,'2017-04-20 00:17:36','2017-04-20 00:17:36','57','Hurt1'),
	(60,'2017-04-20 00:17:36','2017-04-20 00:17:36','58','Hurt1'),
	(61,'2017-04-20 00:17:36','2017-04-20 00:17:36','59','Hurt1'),
	(62,'2017-04-20 00:17:36','2017-04-20 00:17:36','60','Hurt1'),
	(63,'2017-04-20 00:17:36','2017-04-20 00:17:36','61','Hurt1'),
	(64,'2017-04-20 00:17:36','2017-04-20 00:17:36','62','Hurt1'),
	(65,'2017-04-20 00:17:36','2017-04-20 00:17:36','63','Hurt1'),
	(66,'2017-04-20 00:17:36','2017-04-20 00:17:36','64','Hurt1'),
	(67,'2017-04-20 00:17:36','2017-04-20 00:17:36','65','Hurt1'),
	(68,'2017-04-20 00:17:36','2017-04-20 00:17:36','66','Hurt1'),
	(69,'2017-04-20 00:17:36','2017-04-20 00:17:36','67','Hurt1'),
	(70,'2017-04-20 00:17:36','2017-04-20 00:17:36','68','Hurt1'),
	(71,'2017-04-20 00:17:36','2017-04-20 00:17:36','69','Hurt1'),
	(72,'2017-04-20 00:17:36','2017-04-20 00:17:36','70','Hurt1'),
	(73,'2017-04-20 00:17:36','2017-04-20 00:17:36','71','Hurt1'),
	(74,'2017-04-20 00:17:36','2017-04-20 00:17:36','72','Hurt1'),
	(75,'2017-04-20 00:17:36','2017-04-20 00:17:36','73','Hurt1'),
	(76,'2017-04-20 00:17:36','2017-04-20 00:17:36','74','Hurt1'),
	(77,'2017-04-20 00:17:36','2017-04-20 00:17:36','75','Hurt1'),
	(78,'2017-04-20 00:17:36','2017-04-20 00:17:36','76','Hurt1'),
	(79,'2017-04-20 00:17:36','2017-04-20 00:17:36','77','Hurt1'),
	(80,'2017-04-20 00:17:36','2017-04-20 00:17:36','78','Hurt1'),
	(81,'2017-04-20 00:17:36','2017-04-20 00:17:36','79','Hurt1'),
	(82,'2017-04-20 00:17:36','2017-04-20 00:17:36','80','Hurt1'),
	(83,'2017-04-20 00:17:36','2017-04-20 00:17:36','81','Hurt1'),
	(84,'2017-04-20 00:17:36','2017-04-20 00:17:36','82','Hurt1'),
	(85,'2017-04-20 00:17:36','2017-04-20 00:17:36','83','Hurt1'),
	(86,'2017-04-20 00:17:36','2017-04-20 00:17:36','84','Hurt1');

/*!40000 ALTER TABLE `Scroll_Effect` ENABLE KEYS */;
UNLOCK TABLES;


# Dump of table User
# ------------------------------------------------------------

DROP TABLE IF EXISTS `User`;

CREATE TABLE `User` (
  `id` int(11) unsigned NOT NULL AUTO_INCREMENT,
  `create_time` timestamp NULL DEFAULT CURRENT_TIMESTAMP,
  `update_time` timestamp NULL DEFAULT CURRENT_TIMESTAMP ON UPDATE CURRENT_TIMESTAMP,
  `userID` varchar(64) DEFAULT '' COMMENT '平台唯一ID',
  `nickname` varchar(512) DEFAULT '',
  `gender` tinyint(4) DEFAULT '0' COMMENT '男=1,女=2',
  `portrait` varchar(1024) DEFAULT '' COMMENT '原头像',
  `small_portrait` varchar(1024) DEFAULT '' COMMENT '常用小头像，尺寸待定',
  `large_portrait` varchar(1024) DEFAULT '' COMMENT '常用大头像，尺寸待定',
  `mobile` varchar(16) DEFAULT '',
  `birthday` timestamp NULL DEFAULT CURRENT_TIMESTAMP,
  `address` varchar(1024) DEFAULT '',
  `motto` varchar(1024) DEFAULT '' COMMENT '座右铭',
  PRIMARY KEY (`id`)
) ENGINE=InnoDB DEFAULT CHARSET=utf8;



# Dump of table User_Union
# ------------------------------------------------------------

DROP TABLE IF EXISTS `User_Union`;

CREATE TABLE `User_Union` (
  `id` int(11) unsigned NOT NULL AUTO_INCREMENT,
  `create_time` timestamp NULL DEFAULT CURRENT_TIMESTAMP,
  `update_time` timestamp NULL DEFAULT CURRENT_TIMESTAMP,
  `userID` varchar(64) DEFAULT '' COMMENT '平台唯一ID',
  `unionID` varchar(64) DEFAULT '' COMMENT '三方平台unionID，非openID',
  `platform` tinyint(4) DEFAULT '0' COMMENT 'WeChat=1,QQ=2,Weibo=3',
  PRIMARY KEY (`id`)
) ENGINE=InnoDB DEFAULT CHARSET=utf8;



# Dump of table Version
# ------------------------------------------------------------

DROP TABLE IF EXISTS `Version`;

CREATE TABLE `Version` (
  `id` int(11) unsigned NOT NULL AUTO_INCREMENT,
  `create_time` timestamp NULL DEFAULT CURRENT_TIMESTAMP,
  `update_time` timestamp NULL DEFAULT CURRENT_TIMESTAMP ON UPDATE CURRENT_TIMESTAMP,
  `versionID` varchar(64) DEFAULT '',
  `type` tinyint(4) DEFAULT '0' COMMENT 'release=1,resource=2',
  `latest_version` varchar(16) DEFAULT '' COMMENT 'x.y.z',
  `force_update` bit(1) DEFAULT b'0',
  `alert` bit(1) DEFAULT b'0',
  `message` varchar(1024) DEFAULT '新版本已发布！',
  `url` varchar(1024) DEFAULT '',
  PRIMARY KEY (`id`)
) ENGINE=InnoDB DEFAULT CHARSET=utf8;



# Dump of table WeChatUser
# ------------------------------------------------------------

DROP TABLE IF EXISTS `WeChatUser`;

CREATE TABLE `WeChatUser` (
  `id` int(11) unsigned NOT NULL AUTO_INCREMENT,
  `create_time` timestamp NULL DEFAULT CURRENT_TIMESTAMP,
  `update_time` timestamp NULL DEFAULT CURRENT_TIMESTAMP ON UPDATE CURRENT_TIMESTAMP,
  `unionID` varchar(64) DEFAULT '',
  `openID` varchar(64) DEFAULT '',
  `nickname` varchar(512) DEFAULT '',
  `gender` tinyint(1) DEFAULT '0' COMMENT '男=1,女=2',
  `portrait` varchar(1024) DEFAULT '',
  `large_portrait` varchar(1024) DEFAULT NULL,
  `small_portrait` varchar(1024) DEFAULT '',
  `mobile` varchar(16) DEFAULT '',
  `motto` varchar(1024) DEFAULT '',
  `access_token` varchar(64) DEFAULT '',
  `access_token_expired_time` timestamp NULL DEFAULT CURRENT_TIMESTAMP,
  `refresh_token` varchar(64) DEFAULT '',
  PRIMARY KEY (`id`)
) ENGINE=InnoDB DEFAULT CHARSET=utf8;



# Dump of table WeiboUser
# ------------------------------------------------------------

DROP TABLE IF EXISTS `WeiboUser`;

CREATE TABLE `WeiboUser` (
  `id` int(11) unsigned NOT NULL AUTO_INCREMENT,
  `create_time` timestamp NULL DEFAULT CURRENT_TIMESTAMP,
  `update_time` timestamp NULL DEFAULT CURRENT_TIMESTAMP ON UPDATE CURRENT_TIMESTAMP,
  `openID` varchar(64) DEFAULT '',
  `nickname` varchar(512) DEFAULT '',
  `gender` tinyint(1) DEFAULT '0' COMMENT '男=1,女=2',
  `portrait` varchar(1024) DEFAULT '',
  `small_portrait` varchar(1024) DEFAULT '',
  `large_portrait` varchar(1024) DEFAULT '',
  `mobile` varchar(16) DEFAULT '',
  `motto` varchar(1024) DEFAULT '',
  `access_token` varchar(64) DEFAULT '',
  `access_token_expired_time` timestamp NULL DEFAULT CURRENT_TIMESTAMP,
  `refresh_token` varchar(64) DEFAULT '',
  PRIMARY KEY (`id`)
) ENGINE=InnoDB DEFAULT CHARSET=utf8;




/*!40111 SET SQL_NOTES=@OLD_SQL_NOTES */;
/*!40101 SET SQL_MODE=@OLD_SQL_MODE */;
/*!40014 SET FOREIGN_KEY_CHECKS=@OLD_FOREIGN_KEY_CHECKS */;
/*!40101 SET CHARACTER_SET_CLIENT=@OLD_CHARACTER_SET_CLIENT */;
/*!40101 SET CHARACTER_SET_RESULTS=@OLD_CHARACTER_SET_RESULTS */;
/*!40101 SET COLLATION_CONNECTION=@OLD_COLLATION_CONNECTION */;
